index,from_a,to_b,n_transfers,via_stations,start_date,start_time,route_time,route_km,sector_from,sector_to,inner_sector_from,inner_sector_to,district_from,district_to,tvc_from,tvc_to,geopark_from,geopark_to,id_inner_sector_from,id_inner_sector_to
0,Bohdanovce,Čeľovce,2,"Michaľany, Trebišov",11.10. po,11.10. po,164,57,SK HOBO CORE,SK HOBO CORE,SK HOBO CORE Rest of southeast sector in Košice - vicinity district,SK HOBO CORE Rest of southeast sector in Trebišov district),Košice - okolie,Trebišov,FALSE,FALSE,FALSE,FALSE,7,6
0,Bohdanovce,Čeľovce,2,"Michaľany, Trebišov",11.10. po,11.10. po,163,57,SK HOBO CORE,SK HOBO CORE,SK HOBO CORE Rest of southeast sector in Košice - vicinity district,SK HOBO CORE Rest of southeast sector in Trebišov district),Košice - okolie,Trebišov,FALSE,FALSE,FALSE,FALSE,7,6
0,Bohdanovce,Čeľovce,2,"Košice, Trebišov",11.10. po,11.10. po,113,80,SK HOBO CORE,SK HOBO CORE,SK HOBO CORE Rest of southeast sector in Košice - vicinity district,SK HOBO CORE Rest of southeast sector in Trebišov district),Košice - okolie,Trebišov,FALSE,FALSE,FALSE,FALSE,7,6
0,Bohdanovce,Malá Lodina,2,"Košice, Margecany",11.10. po,11.10. po,92,63,SK HOBO CORE,SK HOBO CORE,SK HOBO CORE Rest of southeast sector in Košice - vicinity district,SK HOBO CORE Northwest sector,Košice - okolie,Košice - okolie,FALSE,FALSE,FALSE,FALSE,7,3
0,Bohdanovce,Stanča,2,"Košice, Trebišov",11.10. po,11.10. po,126,81,SK HOBO CORE,SK HOBO CORE,SK HOBO CORE Rest of southeast sector in Košice - vicinity district,SK HOBO CORE Rest of southeast sector in Trebišov district),Košice - okolie,Trebišov,FALSE,FALSE,FALSE,FALSE,7,6
0,Bohdanovce,Trebejov,2,"Košice, Kysak",11.10. po,11.10. po,60,37,SK HOBO CORE,SK HOBO CORE,SK HOBO CORE Rest of southeast sector in Košice - vicinity district,SK HOBO CORE Northwest sector,Košice - okolie,Košice - okolie,FALSE,FALSE,FALSE,FALSE,7,3
0,Bohdanovce,Veľká Lodina,2,"Košice, Margecany",11.10. po,11.10. po,99,66,SK HOBO CORE,SK HOBO CORE,SK HOBO CORE Rest of southeast sector in Košice - vicinity district,SK HOBO CORE Northwest sector,Košice - okolie,Košice - okolie,FALSE,FALSE,FALSE,FALSE,7,3
0,Borša,Čeľovce,2,"Michaľany, Trebišov",11.10. po,11.10. po,158,46,SK HOBO CORE,SK HOBO CORE,SK HOBO CORE Tokaj Wine Route,SK HOBO CORE Rest of southeast sector in Trebišov district),Trebišov,Trebišov,TRUE,FALSE,TRUE,FALSE,4,6
0,Borša,Čeľovce,2,"Michaľany, Trebišov",11.10. po,11.10. po,105,46,SK HOBO CORE,SK HOBO CORE,SK HOBO CORE Tokaj Wine Route,SK HOBO CORE Rest of southeast sector in Trebišov district),Trebišov,Trebišov,TRUE,FALSE,TRUE,FALSE,4,6
0,Borša,Čeľovce,2,"Michaľany, Trebišov",11.10. po,11.10. po,98,46,SK HOBO CORE,SK HOBO CORE,SK HOBO CORE Tokaj Wine Route,SK HOBO CORE Rest of southeast sector in Trebišov district),Trebišov,Trebišov,TRUE,FALSE,TRUE,FALSE,4,6
0,Čeľovce,Borša,2,"Trebišov, Michaľany",11.10. po,11.10. po,100,46,SK HOBO CORE,SK HOBO CORE,SK HOBO CORE Rest of southeast sector in Trebišov district),SK HOBO CORE Tokaj Wine Route,Trebišov,Trebišov,FALSE,TRUE,FALSE,TRUE,6,4
0,Čeľovce,Čerhov,2,"Trebišov, Michaľany",11.10. po,11.10. po,90,35,SK HOBO CORE,SK HOBO CORE,SK HOBO CORE Rest of southeast sector in Trebišov district),SK HOBO CORE Tokaj Wine Route,Trebišov,Trebišov,FALSE,TRUE,FALSE,TRUE,6,4
0,Čeľovce,Čerhov,2,"Trebišov, Michaľany",11.10. po,11.10. po,90,35,SK HOBO CORE,SK HOBO CORE,SK HOBO CORE Rest of southeast sector in Trebišov district),SK HOBO CORE Tokaj Wine Route,Trebišov,Trebišov,FALSE,TRUE,FALSE,TRUE,6,4
0,Čeľovce,Čerhov,2,"Trebišov, Michaľany",11.10. po,11.10. po,94,35,SK HOBO CORE,SK HOBO CORE,SK HOBO CORE Rest of southeast sector in Trebišov district),SK HOBO CORE Tokaj Wine Route,Trebišov,Trebišov,FALSE,TRUE,FALSE,TRUE,6,4
0,Čeľovce,Kalša,2,"Trebišov, Michaľany",11.10. po,11.10. po,90,42,SK HOBO CORE,SK HOBO CORE,SK HOBO CORE Rest of southeast sector in Trebišov district),SK HOBO CORE Rest of southeast sector in Košice - vicinity district,Trebišov,Košice - okolie,FALSE,FALSE,FALSE,FALSE,6,7
0,Čeľovce,Kalša,2,"Trebišov, Michaľany",11.10. po,11.10. po,87,42,SK HOBO CORE,SK HOBO CORE,SK HOBO CORE Rest of southeast sector in Trebišov district),SK HOBO CORE Rest of southeast sector in Košice - vicinity district,Trebišov,Košice - okolie,FALSE,FALSE,FALSE,FALSE,6,7
0,Čeľovce,Kalša,2,"Trebišov, Michaľany",11.10. po,11.10. po,87,42,SK HOBO CORE,SK HOBO CORE,SK HOBO CORE Rest of southeast sector in Trebišov district),SK HOBO CORE Rest of southeast sector in Košice - vicinity district,Trebišov,Košice - okolie,FALSE,FALSE,FALSE,FALSE,6,7
0,Čeľovce,Kuzmice,2,"Trebišov, Michaľany",11.10. po,11.10. po,81,36,SK HOBO CORE,SK HOBO CORE,SK HOBO CORE Rest of southeast sector in Trebišov district),SK HOBO CORE Rest of southeast sector in Trebišov district),Trebišov,Trebišov,FALSE,FALSE,FALSE,FALSE,6,6
0,Čeľovce,Kuzmice,2,"Trebišov, Michaľany",11.10. po,11.10. po,85,36,SK HOBO CORE,SK HOBO CORE,SK HOBO CORE Rest of southeast sector in Trebišov district),SK HOBO CORE Rest of southeast sector in Trebišov district),Trebišov,Trebišov,FALSE,FALSE,FALSE,FALSE,6,6
0,Čeľovce,Kuzmice,2,"Trebišov, Michaľany",11.10. po,11.10. po,81,36,SK HOBO CORE,SK HOBO CORE,SK HOBO CORE Rest of southeast sector in Trebišov district),SK HOBO CORE Rest of southeast sector in Trebišov district),Trebišov,Trebišov,FALSE,FALSE,FALSE,FALSE,6,6
0,Čeľovce,Slovenské Nové Mesto,2,"Trebišov, Michaľany",11.10. po,11.10. po,96,42,SK HOBO CORE,SK HOBO CORE,SK HOBO CORE Rest of southeast sector in Trebišov district),SK HOBO CORE Tokaj Wine Route,Trebišov,Trebišov,FALSE,TRUE,FALSE,TRUE,6,4
0,Čeľovce,Somotor,2,"Trebišov, Michaľany",11.10. po,11.10. po,108,53,SK HOBO CORE,SK HOBO CORE,SK HOBO CORE Rest of southeast sector in Trebišov district),SK HOBO CORE Zemplin geopark outside of Tokaj Wine Route,Trebišov,Trebišov,FALSE,FALSE,FALSE,TRUE,6,5
0,Čeľovce,Streda nad Bodrogom,2,"Trebišov, Michaľany",11.10. po,11.10. po,104,50,SK HOBO CORE,SK HOBO CORE,SK HOBO CORE Rest of southeast sector in Trebišov district),SK HOBO CORE Zemplin geopark outside of Tokaj Wine Route,Trebišov,Trebišov,FALSE,FALSE,FALSE,TRUE,6,5
0,Čerhov,Čeľovce,2,"Michaľany, Trebišov",11.10. po,11.10. po,88,35,SK HOBO CORE,SK HOBO CORE,SK HOBO CORE Tokaj Wine Route,SK HOBO CORE Rest of southeast sector in Trebišov district),Trebišov,Trebišov,TRUE,FALSE,TRUE,FALSE,4,6
0,Čerhov,Čeľovce,2,"Michaľany, Trebišov",11.10. po,11.10. po,148,35,SK HOBO CORE,SK HOBO CORE,SK HOBO CORE Tokaj Wine Route,SK HOBO CORE Rest of southeast sector in Trebišov district),Trebišov,Trebišov,TRUE,FALSE,TRUE,FALSE,4,6
0,Čerhov,Čeľovce,2,"Michaľany, Trebišov",11.10. po,11.10. po,95,35,SK HOBO CORE,SK HOBO CORE,SK HOBO CORE Tokaj Wine Route,SK HOBO CORE Rest of southeast sector in Trebišov district),Trebišov,Trebišov,TRUE,FALSE,TRUE,FALSE,4,6
0,Kalša,Čeľovce,2,"Michaľany, Trebišov",11.10. po,11.10. po,148,42,SK HOBO CORE,SK HOBO CORE,SK HOBO CORE Rest of southeast sector in Košice - vicinity district,SK HOBO CORE Rest of southeast sector in Trebišov district),Košice - okolie,Trebišov,FALSE,FALSE,FALSE,FALSE,7,6
0,Kalša,Čeľovce,2,"Michaľany, Trebišov",11.10. po,11.10. po,87,42,SK HOBO CORE,SK HOBO CORE,SK HOBO CORE Rest of southeast sector in Košice - vicinity district,SK HOBO CORE Rest of southeast sector in Trebišov district),Košice - okolie,Trebišov,FALSE,FALSE,FALSE,FALSE,7,6
0,Kalša,Čeľovce,2,"Michaľany, Trebišov",11.10. po,11.10. po,147,42,SK HOBO CORE,SK HOBO CORE,SK HOBO CORE Rest of southeast sector in Košice - vicinity district,SK HOBO CORE Rest of southeast sector in Trebišov district),Košice - okolie,Trebišov,FALSE,FALSE,FALSE,FALSE,7,6
0,Kalša,Malá Lodina,2,"Košice, Margecany",11.10. po,11.10. po,108,78,SK HOBO CORE,SK HOBO CORE,SK HOBO CORE Rest of southeast sector in Košice - vicinity district,SK HOBO CORE Northwest sector,Košice - okolie,Košice - okolie,FALSE,FALSE,FALSE,FALSE,7,3
0,Kalša,Trebejov,2,"Košice, Kysak",11.10. po,11.10. po,76,52,SK HOBO CORE,SK HOBO CORE,SK HOBO CORE Rest of southeast sector in Košice - vicinity district,SK HOBO CORE Northwest sector,Košice - okolie,Košice - okolie,FALSE,FALSE,FALSE,FALSE,7,3
0,Kalša,Veľká Lodina,2,"Košice, Margecany",11.10. po,11.10. po,115,81,SK HOBO CORE,SK HOBO CORE,SK HOBO CORE Rest of southeast sector in Košice - vicinity district,SK HOBO CORE Northwest sector,Košice - okolie,Košice - okolie,FALSE,FALSE,FALSE,FALSE,7,3
0,Kostoľany nad Hornádom,Čeľovce,2,"Košice, Trebišov",11.10. po,11.10. po,107,70,SK HOBO CORE,SK HOBO CORE,SK HOBO CORE Northwest sector,SK HOBO CORE Rest of southeast sector in Trebišov district),Košice - okolie,Trebišov,FALSE,FALSE,FALSE,FALSE,3,6
0,Kostoľany nad Hornádom,Lastovce,2,"Košice, Michaľany",11.10. po,11.10. po,100,58,SK HOBO CORE,SK HOBO CORE,SK HOBO CORE Northwest sector,SK HOBO CORE Rest of southeast sector in Trebišov district),Košice - okolie,Trebišov,FALSE,FALSE,FALSE,FALSE,3,6
0,Kostoľany nad Hornádom,Lastovce,2,"Košice, Trebišov",11.10. po,11.10. po,133,81,SK HOBO CORE,SK HOBO CORE,SK HOBO CORE Northwest sector,SK HOBO CORE Rest of southeast sector in Trebišov district),Košice - okolie,Trebišov,FALSE,FALSE,FALSE,FALSE,3,6
0,Kostoľany nad Hornádom,Stanča,2,"Košice, Trebišov",11.10. po,11.10. po,120,71,SK HOBO CORE,SK HOBO CORE,SK HOBO CORE Northwest sector,SK HOBO CORE Rest of southeast sector in Trebišov district),Košice - okolie,Trebišov,FALSE,FALSE,FALSE,FALSE,3,6
0,Kostoľany nad Hornádom,Stanča,2,"Košice, Michaľany",11.10. po,11.10. po,112,68,SK HOBO CORE,SK HOBO CORE,SK HOBO CORE Northwest sector,SK HOBO CORE Rest of southeast sector in Trebišov district),Košice - okolie,Trebišov,FALSE,FALSE,FALSE,FALSE,3,6
0,Kostoľany nad Hornádom,Trebišov,2,"Košice, Michaľany",11.10. po,11.10. po,123,77,SK HOBO CORE,Trebišov,SK HOBO CORE Northwest sector,Trebišov,Košice - okolie,Trebišov,FALSE,TRUE,FALSE,FALSE,3,2
0,Kostoľany nad Hornádom,Veľaty,2,"Košice, Trebišov",11.10. po,11.10. po,128,77,SK HOBO CORE,SK HOBO CORE,SK HOBO CORE Northwest sector,SK HOBO CORE Zemplin geopark outside of Tokaj Wine Route,Košice - okolie,Trebišov,FALSE,FALSE,FALSE,TRUE,3,5
0,Kostoľany nad Hornádom,Veľaty,2,"Košice, Michaľany",11.10. po,11.10. po,105,62,SK HOBO CORE,SK HOBO CORE,SK HOBO CORE Northwest sector,SK HOBO CORE Zemplin geopark outside of Tokaj Wine Route,Košice - okolie,Trebišov,FALSE,FALSE,FALSE,TRUE,3,5
0,Kuzmice,Čeľovce,2,"Michaľany, Trebišov",11.10. po,11.10. po,141,36,SK HOBO CORE,SK HOBO CORE,SK HOBO CORE Rest of southeast sector in Trebišov district),SK HOBO CORE Rest of southeast sector in Trebišov district),Trebišov,Trebišov,FALSE,FALSE,FALSE,FALSE,6,6
0,Kuzmice,Čeľovce,2,"Michaľany, Trebišov",11.10. po,11.10. po,81,36,SK HOBO CORE,SK HOBO CORE,SK HOBO CORE Rest of southeast sector in Trebišov district),SK HOBO CORE Rest of southeast sector in Trebišov district),Trebišov,Trebišov,FALSE,FALSE,FALSE,FALSE,6,6
0,Kuzmice,Čeľovce,2,"Michaľany, Trebišov",11.10. po,11.10. po,142,36,SK HOBO CORE,SK HOBO CORE,SK HOBO CORE Rest of southeast sector in Trebišov district),SK HOBO CORE Rest of southeast sector in Trebišov district),Trebišov,Trebišov,FALSE,FALSE,FALSE,FALSE,6,6
0,Kuzmice,Malá Lodina,2,"Košice, Margecany",11.10. po,11.10. po,114,84,SK HOBO CORE,SK HOBO CORE,SK HOBO CORE Rest of southeast sector in Trebišov district),SK HOBO CORE Northwest sector,Trebišov,Košice - okolie,FALSE,FALSE,FALSE,FALSE,6,3
0,Kuzmice,Trebejov,2,"Košice, Kysak",11.10. po,11.10. po,82,58,SK HOBO CORE,SK HOBO CORE,SK HOBO CORE Rest of southeast sector in Trebišov district),SK HOBO CORE Northwest sector,Trebišov,Košice - okolie,FALSE,FALSE,FALSE,FALSE,6,3
0,Kuzmice,Veľká Lodina,2,"Košice, Margecany",11.10. po,11.10. po,121,87,SK HOBO CORE,SK HOBO CORE,SK HOBO CORE Rest of southeast sector in Trebišov district),SK HOBO CORE Northwest sector,Trebišov,Košice - okolie,FALSE,FALSE,FALSE,FALSE,6,3
0,Kysak,Čeľovce,2,"Košice, Trebišov",11.10. po,11.10. po,103,77,SK HOBO CORE,SK HOBO CORE,SK HOBO CORE Northwest sector,SK HOBO CORE Rest of southeast sector in Trebišov district),Košice - okolie,Trebišov,FALSE,FALSE,FALSE,FALSE,3,6
0,Kysak,Čeľovce,2,"Prešov, Strážske",11.10. po,11.10. po,188,121,SK HOBO CORE,SK HOBO CORE,SK HOBO CORE Northwest sector,SK HOBO CORE Rest of southeast sector in Trebišov district),Košice - okolie,Trebišov,FALSE,FALSE,FALSE,FALSE,3,6
0,Kysak,Lastovce,2,"Košice, Michaľany",11.10. po,11.10. po,94,65,SK HOBO CORE,SK HOBO CORE,SK HOBO CORE Northwest sector,SK HOBO CORE Rest of southeast sector in Trebišov district),Košice - okolie,Trebišov,FALSE,FALSE,FALSE,FALSE,3,6
0,Kysak,Lastovce,2,"Košice, Trebišov",11.10. po,11.10. po,129,88,SK HOBO CORE,SK HOBO CORE,SK HOBO CORE Northwest sector,SK HOBO CORE Rest of southeast sector in Trebišov district),Košice - okolie,Trebišov,FALSE,FALSE,FALSE,FALSE,3,6
0,Kysak,Stanča,2,"Košice, Trebišov",11.10. po,11.10. po,116,78,SK HOBO CORE,SK HOBO CORE,SK HOBO CORE Northwest sector,SK HOBO CORE Rest of southeast sector in Trebišov district),Košice - okolie,Trebišov,FALSE,FALSE,FALSE,FALSE,3,6
0,Kysak,Stanča,2,"Košice, Michaľany",11.10. po,11.10. po,106,75,SK HOBO CORE,SK HOBO CORE,SK HOBO CORE Northwest sector,SK HOBO CORE Rest of southeast sector in Trebišov district),Košice - okolie,Trebišov,FALSE,FALSE,FALSE,FALSE,3,6
0,Kysak,Veľaty,2,"Košice, Michaľany",11.10. po,11.10. po,99,69,SK HOBO CORE,SK HOBO CORE,SK HOBO CORE Northwest sector,SK HOBO CORE Zemplin geopark outside of Tokaj Wine Route,Košice - okolie,Trebišov,FALSE,FALSE,FALSE,TRUE,3,5
0,Kysak,Veľaty,2,"Košice, Trebišov",11.10. po,11.10. po,124,84,SK HOBO CORE,SK HOBO CORE,SK HOBO CORE Northwest sector,SK HOBO CORE Zemplin geopark outside of Tokaj Wine Route,Košice - okolie,Trebišov,FALSE,FALSE,FALSE,TRUE,3,5
0,Lastovce,Kostoľany nad Hornádom,2,"Michaľany, Košice",11.10. po,11.10. po,100,58,SK HOBO CORE,SK HOBO CORE,SK HOBO CORE Rest of southeast sector in Trebišov district),SK HOBO CORE Northwest sector,Trebišov,Košice - okolie,FALSE,FALSE,FALSE,FALSE,6,3
0,Lastovce,Kostoľany nad Hornádom,2,"Trebišov, Košice",11.10. po,11.10. po,192,81,SK HOBO CORE,SK HOBO CORE,SK HOBO CORE Rest of southeast sector in Trebišov district),SK HOBO CORE Northwest sector,Trebišov,Košice - okolie,FALSE,FALSE,FALSE,FALSE,6,3
0,Lastovce,Kostoľany nad Hornádom,2,"Michaľany, Košice",11.10. po,11.10. po,63,58,SK HOBO CORE,SK HOBO CORE,SK HOBO CORE Rest of southeast sector in Trebišov district),SK HOBO CORE Northwest sector,Trebišov,Košice - okolie,FALSE,FALSE,FALSE,FALSE,6,3
0,Lastovce,Kysak,2,"Michaľany, Košice",11.10. po,11.10. po,70,65,SK HOBO CORE,SK HOBO CORE,SK HOBO CORE Rest of southeast sector in Trebišov district),SK HOBO CORE Northwest sector,Trebišov,Košice - okolie,FALSE,FALSE,FALSE,FALSE,6,3
0,Lastovce,Kysak,2,"Michaľany, Košice",11.10. po,11.10. po,107,65,SK HOBO CORE,SK HOBO CORE,SK HOBO CORE Rest of southeast sector in Trebišov district),SK HOBO CORE Northwest sector,Trebišov,Košice - okolie,FALSE,FALSE,FALSE,FALSE,6,3
0,Lastovce,Kysak,2,"Trebišov, Košice",11.10. po,11.10. po,139,88,SK HOBO CORE,SK HOBO CORE,SK HOBO CORE Rest of southeast sector in Trebišov district),SK HOBO CORE Northwest sector,Trebišov,Košice - okolie,FALSE,FALSE,FALSE,FALSE,6,3
0,Lastovce,Malá Lodina,2,"Trebišov, Košice",11.10. po,11.10. po,209,98,SK HOBO CORE,SK HOBO CORE,SK HOBO CORE Rest of southeast sector in Trebišov district),SK HOBO CORE Northwest sector,Trebišov,Košice - okolie,FALSE,FALSE,FALSE,FALSE,6,3
0,Lastovce,Malá Lodina,2,"Michaľany, Košice",11.10. po,11.10. po,117,75,SK HOBO CORE,SK HOBO CORE,SK HOBO CORE Rest of southeast sector in Trebišov district),SK HOBO CORE Northwest sector,Trebišov,Košice - okolie,FALSE,FALSE,FALSE,FALSE,6,3
0,Lastovce,Malá Lodina,2,"Trebišov, Košice",11.10. po,11.10. po,159,98,SK HOBO CORE,SK HOBO CORE,SK HOBO CORE Rest of southeast sector in Trebišov district),SK HOBO CORE Northwest sector,Trebišov,Košice - okolie,FALSE,FALSE,FALSE,FALSE,6,3
0,Lastovce,Nižná Myšľa,2,"Trebišov, Košice",11.10. po,11.10. po,145,83,SK HOBO CORE,SK HOBO CORE,SK HOBO CORE Rest of southeast sector in Trebišov district),SK HOBO CORE Rest of southeast sector in Košice - vicinity district,Trebišov,Košice - okolie,FALSE,FALSE,FALSE,FALSE,6,7
0,Lastovce,Obišovce,2,"Michaľany, Košice",11.10. po,11.10. po,130,67,SK HOBO CORE,SK HOBO CORE,SK HOBO CORE Rest of southeast sector in Trebišov district),SK HOBO CORE Northwest sector,Trebišov,Košice - okolie,FALSE,FALSE,FALSE,FALSE,6,3
0,Lastovce,Obišovce,2,"Trebišov, Košice",11.10. po,11.10. po,222,91,SK HOBO CORE,SK HOBO CORE,SK HOBO CORE Rest of southeast sector in Trebišov district),SK HOBO CORE Northwest sector,Trebišov,Košice - okolie,FALSE,FALSE,FALSE,FALSE,6,3
0,Lastovce,Obišovce,2,"Michaľany, Košice",11.10. po,11.10. po,74,68,SK HOBO CORE,SK HOBO CORE,SK HOBO CORE Rest of southeast sector in Trebišov district),SK HOBO CORE Northwest sector,Trebišov,Košice - okolie,FALSE,FALSE,FALSE,FALSE,6,3
0,Lastovce,Trebejov,2,"Trebišov, Košice",11.10. po,11.10. po,196,86,SK HOBO CORE,SK HOBO CORE,SK HOBO CORE Rest of southeast sector in Trebišov district),SK HOBO CORE Northwest sector,Trebišov,Košice - okolie,FALSE,FALSE,FALSE,FALSE,6,3
0,Lastovce,Trebejov,2,"Michaľany, Košice",11.10. po,11.10. po,67,63,SK HOBO CORE,SK HOBO CORE,SK HOBO CORE Rest of southeast sector in Trebišov district),SK HOBO CORE Northwest sector,Trebišov,Košice - okolie,FALSE,FALSE,FALSE,FALSE,6,3
0,Lastovce,Trebejov,2,"Michaľany, Košice",11.10. po,11.10. po,104,63,SK HOBO CORE,SK HOBO CORE,SK HOBO CORE Rest of southeast sector in Trebišov district),SK HOBO CORE Northwest sector,Trebišov,Košice - okolie,FALSE,FALSE,FALSE,FALSE,6,3
0,Lastovce,Veľká Lodina,2,"Trebišov, Košice",11.10. po,11.10. po,206,95,SK HOBO CORE,SK HOBO CORE,SK HOBO CORE Rest of southeast sector in Trebišov district),SK HOBO CORE Northwest sector,Trebišov,Košice - okolie,FALSE,FALSE,FALSE,FALSE,6,3
0,Lastovce,Veľká Lodina,2,"Trebišov, Košice",11.10. po,11.10. po,156,95,SK HOBO CORE,SK HOBO CORE,SK HOBO CORE Rest of southeast sector in Trebišov district),SK HOBO CORE Northwest sector,Trebišov,Košice - okolie,FALSE,FALSE,FALSE,FALSE,6,3
0,Lastovce,Veľká Lodina,2,"Michaľany, Košice",11.10. po,11.10. po,114,72,SK HOBO CORE,SK HOBO CORE,SK HOBO CORE Rest of southeast sector in Trebišov district),SK HOBO CORE Northwest sector,Trebišov,Košice - okolie,FALSE,FALSE,FALSE,FALSE,6,3
0,Malá Lodina,Čeľovce,2,"Košice, Trebišov",11.10. po,11.10. po,126,87,SK HOBO CORE,SK HOBO CORE,SK HOBO CORE Northwest sector,SK HOBO CORE Rest of southeast sector in Trebišov district),Košice - okolie,Trebišov,FALSE,FALSE,FALSE,FALSE,3,6
0,Malá Lodina,Lastovce,2,"Košice, Trebišov",11.10. po,11.10. po,150,98,SK HOBO CORE,SK HOBO CORE,SK HOBO CORE Northwest sector,SK HOBO CORE Rest of southeast sector in Trebišov district),Košice - okolie,Trebišov,FALSE,FALSE,FALSE,FALSE,3,6
0,Malá Lodina,Lastovce,2,"Košice, Michaľany",11.10. po,11.10. po,118,75,SK HOBO CORE,SK HOBO CORE,SK HOBO CORE Northwest sector,SK HOBO CORE Rest of southeast sector in Trebišov district),Košice - okolie,Trebišov,FALSE,FALSE,FALSE,FALSE,3,6
0,Malá Lodina,Lastovce,2,"Košice, Trebišov",11.10. po,11.10. po,152,98,SK HOBO CORE,SK HOBO CORE,SK HOBO CORE Northwest sector,SK HOBO CORE Rest of southeast sector in Trebišov district),Košice - okolie,Trebišov,FALSE,FALSE,FALSE,FALSE,3,6
0,Malá Lodina,Stanča,2,"Košice, Trebišov",11.10. po,11.10. po,139,88,SK HOBO CORE,SK HOBO CORE,SK HOBO CORE Northwest sector,SK HOBO CORE Rest of southeast sector in Trebišov district),Košice - okolie,Trebišov,FALSE,FALSE,FALSE,FALSE,3,6
0,Malá Lodina,Stanča,2,"Košice, Michaľany",11.10. po,11.10. po,130,85,SK HOBO CORE,SK HOBO CORE,SK HOBO CORE Northwest sector,SK HOBO CORE Rest of southeast sector in Trebišov district),Košice - okolie,Trebišov,FALSE,FALSE,FALSE,FALSE,3,6
0,Malá Lodina,Stanča,2,"Košice, Trebišov",11.10. po,11.10. po,137,88,SK HOBO CORE,SK HOBO CORE,SK HOBO CORE Northwest sector,SK HOBO CORE Rest of southeast sector in Trebišov district),Košice - okolie,Trebišov,FALSE,FALSE,FALSE,FALSE,3,6
0,Malá Lodina,Trebišov,2,"Košice, Michaľany",11.10. po,11.10. po,141,94,SK HOBO CORE,Trebišov,SK HOBO CORE Northwest sector,Trebišov,Košice - okolie,Trebišov,FALSE,TRUE,FALSE,FALSE,3,2
0,Malá Lodina,Veľaty,2,"Košice, Michaľany",11.10. po,11.10. po,123,79,SK HOBO CORE,SK HOBO CORE,SK HOBO CORE Northwest sector,SK HOBO CORE Zemplin geopark outside of Tokaj Wine Route,Košice - okolie,Trebišov,FALSE,FALSE,FALSE,TRUE,3,5
0,Malá Lodina,Veľaty,2,"Košice, Trebišov",11.10. po,11.10. po,145,94,SK HOBO CORE,SK HOBO CORE,SK HOBO CORE Northwest sector,SK HOBO CORE Zemplin geopark outside of Tokaj Wine Route,Košice - okolie,Trebišov,FALSE,FALSE,FALSE,TRUE,3,5
0,Malá Lodina,Veľaty,2,"Košice, Trebišov",11.10. po,11.10. po,147,94,SK HOBO CORE,SK HOBO CORE,SK HOBO CORE Northwest sector,SK HOBO CORE Zemplin geopark outside of Tokaj Wine Route,Košice - okolie,Trebišov,FALSE,FALSE,FALSE,TRUE,3,5
0,Nižná Myšľa,Čeľovce,2,"Michaľany, Trebišov",11.10. po,11.10. po,170,61,SK HOBO CORE,SK HOBO CORE,SK HOBO CORE Rest of southeast sector in Košice - vicinity district,SK HOBO CORE Rest of southeast sector in Trebišov district),Košice - okolie,Trebišov,FALSE,FALSE,FALSE,FALSE,7,6
0,Nižná Myšľa,Čeľovce,2,"Michaľany, Trebišov",11.10. po,11.10. po,170,61,SK HOBO CORE,SK HOBO CORE,SK HOBO CORE Rest of southeast sector in Košice - vicinity district,SK HOBO CORE Rest of southeast sector in Trebišov district),Košice - okolie,Trebišov,FALSE,FALSE,FALSE,FALSE,7,6
0,Nižná Myšľa,Čeľovce,2,"Košice, Trebišov",11.10. po,11.10. po,106,76,SK HOBO CORE,SK HOBO CORE,SK HOBO CORE Rest of southeast sector in Košice - vicinity district,SK HOBO CORE Rest of southeast sector in Trebišov district),Košice - okolie,Trebišov,FALSE,FALSE,FALSE,FALSE,7,6
0,Nižná Myšľa,Malá Lodina,2,"Košice, Margecany",11.10. po,11.10. po,85,59,SK HOBO CORE,SK HOBO CORE,SK HOBO CORE Rest of southeast sector in Košice - vicinity district,SK HOBO CORE Northwest sector,Košice - okolie,Košice - okolie,FALSE,FALSE,FALSE,FALSE,7,3
0,Nižná Myšľa,Stanča,2,"Košice, Trebišov",11.10. po,11.10. po,119,77,SK HOBO CORE,SK HOBO CORE,SK HOBO CORE Rest of southeast sector in Košice - vicinity district,SK HOBO CORE Rest of southeast sector in Trebišov district),Košice - okolie,Trebišov,FALSE,FALSE,FALSE,FALSE,7,6
0,Nižná Myšľa,Trebejov,2,"Košice, Kysak",11.10. po,11.10. po,53,33,SK HOBO CORE,SK HOBO CORE,SK HOBO CORE Rest of southeast sector in Košice - vicinity district,SK HOBO CORE Northwest sector,Košice - okolie,Košice - okolie,FALSE,FALSE,FALSE,FALSE,7,3
0,Nižná Myšľa,Veľká Lodina,2,"Košice, Margecany",11.10. po,11.10. po,92,62,SK HOBO CORE,SK HOBO CORE,SK HOBO CORE Rest of southeast sector in Košice - vicinity district,SK HOBO CORE Northwest sector,Košice - okolie,Košice - okolie,FALSE,FALSE,FALSE,FALSE,7,3
0,Obišovce,Čeľovce,2,"Košice, Trebišov",11.10. po,11.10. po,136,80,SK HOBO CORE,SK HOBO CORE,SK HOBO CORE Northwest sector,SK HOBO CORE Rest of southeast sector in Trebišov district),Košice - okolie,Trebišov,FALSE,FALSE,FALSE,FALSE,3,6
0,Obišovce,Lastovce,2,"Košice, Trebišov",11.10. po,11.10. po,162,91,SK HOBO CORE,SK HOBO CORE,SK HOBO CORE Northwest sector,SK HOBO CORE Rest of southeast sector in Trebišov district),Košice - okolie,Trebišov,FALSE,FALSE,FALSE,FALSE,3,6
0,Obišovce,Lastovce,2,"Košice, Michaľany",11.10. po,11.10. po,130,68,SK HOBO CORE,SK HOBO CORE,SK HOBO CORE Northwest sector,SK HOBO CORE Rest of southeast sector in Trebišov district),Košice - okolie,Trebišov,FALSE,FALSE,FALSE,FALSE,3,6
0,Obišovce,Lastovce,2,"Košice, Trebišov",11.10. po,11.10. po,162,91,SK HOBO CORE,SK HOBO CORE,SK HOBO CORE Northwest sector,SK HOBO CORE Rest of southeast sector in Trebišov district),Košice - okolie,Trebišov,FALSE,FALSE,FALSE,FALSE,3,6
0,Obišovce,Malá Lodina,2,"Kysak, Margecany",11.10. po,11.10. po,55,31,SK HOBO CORE,SK HOBO CORE,SK HOBO CORE Northwest sector,SK HOBO CORE Northwest sector,Košice - okolie,Košice - okolie,FALSE,FALSE,FALSE,FALSE,3,3
0,Obišovce,Stanča,2,"Košice, Trebišov",11.10. po,11.10. po,149,81,SK HOBO CORE,SK HOBO CORE,SK HOBO CORE Northwest sector,SK HOBO CORE Rest of southeast sector in Trebišov district),Košice - okolie,Trebišov,FALSE,FALSE,FALSE,FALSE,3,6
0,Obišovce,Stanča,2,"Košice, Trebišov",11.10. po,11.10. po,149,81,SK HOBO CORE,SK HOBO CORE,SK HOBO CORE Northwest sector,SK HOBO CORE Rest of southeast sector in Trebišov district),Košice - okolie,Trebišov,FALSE,FALSE,FALSE,FALSE,3,6
0,Obišovce,Stanča,2,"Košice, Michaľany",11.10. po,11.10. po,142,78,SK HOBO CORE,SK HOBO CORE,SK HOBO CORE Northwest sector,SK HOBO CORE Rest of southeast sector in Trebišov district),Košice - okolie,Trebišov,FALSE,FALSE,FALSE,FALSE,3,6
0,Obišovce,Trebišov,2,"Košice, Michaľany",11.10. po,11.10. po,153,87,SK HOBO CORE,Trebišov,SK HOBO CORE Northwest sector,Trebišov,Košice - okolie,Trebišov,FALSE,TRUE,FALSE,FALSE,3,2
0,Obišovce,Veľaty,2,"Košice, Michaľany",11.10. po,11.10. po,135,72,SK HOBO CORE,SK HOBO CORE,SK HOBO CORE Northwest sector,SK HOBO CORE Zemplin geopark outside of Tokaj Wine Route,Košice - okolie,Trebišov,FALSE,FALSE,FALSE,TRUE,3,5
0,Obišovce,Veľaty,2,"Košice, Trebišov",11.10. po,11.10. po,157,87,SK HOBO CORE,SK HOBO CORE,SK HOBO CORE Northwest sector,SK HOBO CORE Zemplin geopark outside of Tokaj Wine Route,Košice - okolie,Trebišov,FALSE,FALSE,FALSE,TRUE,3,5
0,Obišovce,Veľaty,2,"Košice, Trebišov",11.10. po,11.10. po,157,87,SK HOBO CORE,SK HOBO CORE,SK HOBO CORE Northwest sector,SK HOBO CORE Zemplin geopark outside of Tokaj Wine Route,Košice - okolie,Trebišov,FALSE,FALSE,FALSE,TRUE,3,5
0,Obišovce,Veľká Lodina,2,"Kysak, Margecany",11.10. po,11.10. po,62,34,SK HOBO CORE,SK HOBO CORE,SK HOBO CORE Northwest sector,SK HOBO CORE Northwest sector,Košice - okolie,Košice - okolie,FALSE,FALSE,FALSE,FALSE,3,3
0,Ruskov,Čeľovce,2,"Michaľany, Trebišov",11.10. po,11.10. po,159,54,SK HOBO CORE,SK HOBO CORE,SK HOBO CORE Rest of southeast sector in Košice - vicinity district,SK HOBO CORE Rest of southeast sector in Trebišov district),Košice - okolie,Trebišov,FALSE,FALSE,FALSE,FALSE,7,6
0,Ruskov,Čeľovce,2,"Michaľany, Trebišov",11.10. po,11.10. po,160,54,SK HOBO CORE,SK HOBO CORE,SK HOBO CORE Rest of southeast sector in Košice - vicinity district,SK HOBO CORE Rest of southeast sector in Trebišov district),Košice - okolie,Trebišov,FALSE,FALSE,FALSE,FALSE,7,6
0,Ruskov,Čeľovce,2,"Košice, Trebišov",11.10. po,11.10. po,116,83,SK HOBO CORE,SK HOBO CORE,SK HOBO CORE Rest of southeast sector in Košice - vicinity district,SK HOBO CORE Rest of southeast sector in Trebišov district),Košice - okolie,Trebišov,FALSE,FALSE,FALSE,FALSE,7,6
0,Ruskov,Malá Lodina,2,"Košice, Margecany",11.10. po,11.10. po,95,66,SK HOBO CORE,SK HOBO CORE,SK HOBO CORE Rest of southeast sector in Košice - vicinity district,SK HOBO CORE Northwest sector,Košice - okolie,Košice - okolie,FALSE,FALSE,FALSE,FALSE,7,3
0,Ruskov,Trebejov,2,"Košice, Kysak",11.10. po,11.10. po,63,40,SK HOBO CORE,SK HOBO CORE,SK HOBO CORE Rest of southeast sector in Košice - vicinity district,SK HOBO CORE Northwest sector,Košice - okolie,Košice - okolie,FALSE,FALSE,FALSE,FALSE,7,3
0,Ruskov,Veľká Lodina,2,"Košice, Margecany",11.10. po,11.10. po,102,69,SK HOBO CORE,SK HOBO CORE,SK HOBO CORE Rest of southeast sector in Košice - vicinity district,SK HOBO CORE Northwest sector,Košice - okolie,Košice - okolie,FALSE,FALSE,FALSE,FALSE,7,3
0,Slanec,Čeľovce,2,"Košice, Trebišov",11.10. po,11.10. po,123,90,SK HOBO CORE,SK HOBO CORE,SK HOBO CORE Rest of southeast sector in Košice - vicinity district,SK HOBO CORE Rest of southeast sector in Trebišov district),Košice - okolie,Trebišov,FALSE,FALSE,FALSE,FALSE,7,6
0,Slanec,Čeľovce,2,"Michaľany, Trebišov",11.10. po,11.10. po,152,47,SK HOBO CORE,SK HOBO CORE,SK HOBO CORE Rest of southeast sector in Košice - vicinity district,SK HOBO CORE Rest of southeast sector in Trebišov district),Košice - okolie,Trebišov,FALSE,FALSE,FALSE,FALSE,7,6
0,Slanec,Čeľovce,2,"Michaľany, Trebišov",11.10. po,11.10. po,153,47,SK HOBO CORE,SK HOBO CORE,SK HOBO CORE Rest of southeast sector in Košice - vicinity district,SK HOBO CORE Rest of southeast sector in Trebišov district),Košice - okolie,Trebišov,FALSE,FALSE,FALSE,FALSE,7,6
0,Slanec,Malá Lodina,2,"Košice, Margecany",11.10. po,11.10. po,102,73,SK HOBO CORE,SK HOBO CORE,SK HOBO CORE Rest of southeast sector in Košice - vicinity district,SK HOBO CORE Northwest sector,Košice - okolie,Košice - okolie,FALSE,FALSE,FALSE,FALSE,7,3
0,Slanec,Trebejov,2,"Košice, Kysak",11.10. po,11.10. po,70,47,SK HOBO CORE,SK HOBO CORE,SK HOBO CORE Rest of southeast sector in Košice - vicinity district,SK HOBO CORE Northwest sector,Košice - okolie,Košice - okolie,FALSE,FALSE,FALSE,FALSE,7,3
0,Slanec,Veľká Lodina,2,"Košice, Margecany",11.10. po,11.10. po,109,76,SK HOBO CORE,SK HOBO CORE,SK HOBO CORE Rest of southeast sector in Košice - vicinity district,SK HOBO CORE Northwest sector,Košice - okolie,Košice - okolie,FALSE,FALSE,FALSE,FALSE,7,3
0,Slovenské Nové Mesto,Čeľovce,2,"Michaľany, Trebišov",11.10. po,11.10. po,93,42,SK HOBO CORE,SK HOBO CORE,SK HOBO CORE Tokaj Wine Route,SK HOBO CORE Rest of southeast sector in Trebišov district),Trebišov,Trebišov,TRUE,FALSE,TRUE,FALSE,4,6
0,Slovenské Nové Mesto,Čeľovce,2,"Michaľany, Trebišov",11.10. po,11.10. po,153,42,SK HOBO CORE,SK HOBO CORE,SK HOBO CORE Tokaj Wine Route,SK HOBO CORE Rest of southeast sector in Trebišov district),Trebišov,Trebišov,TRUE,FALSE,TRUE,FALSE,4,6
0,Slovenské Nové Mesto,Čeľovce,2,"Michaľany, Trebišov",11.10. po,11.10. po,100,42,SK HOBO CORE,SK HOBO CORE,SK HOBO CORE Tokaj Wine Route,SK HOBO CORE Rest of southeast sector in Trebišov district),Trebišov,Trebišov,TRUE,FALSE,TRUE,FALSE,4,6
0,Somotor,Čeľovce,2,"Michaľany, Trebišov",11.10. po,11.10. po,116,53,SK HOBO CORE,SK HOBO CORE,SK HOBO CORE Zemplin geopark outside of Tokaj Wine Route,SK HOBO CORE Rest of southeast sector in Trebišov district),Trebišov,Trebišov,FALSE,FALSE,TRUE,FALSE,5,6
0,Somotor,Čeľovce,2,"Michaľany, Trebišov",11.10. po,11.10. po,109,53,SK HOBO CORE,SK HOBO CORE,SK HOBO CORE Zemplin geopark outside of Tokaj Wine Route,SK HOBO CORE Rest of southeast sector in Trebišov district),Trebišov,Trebišov,FALSE,FALSE,TRUE,FALSE,5,6
0,Somotor,Čeľovce,2,"Michaľany, Trebišov",11.10. po,11.10. po,169,53,SK HOBO CORE,SK HOBO CORE,SK HOBO CORE Zemplin geopark outside of Tokaj Wine Route,SK HOBO CORE Rest of southeast sector in Trebišov district),Trebišov,Trebišov,FALSE,FALSE,TRUE,FALSE,5,6
0,Stanča,Kostoľany nad Hornádom,2,"Michaľany, Košice",11.10. po,11.10. po,76,68,SK HOBO CORE,SK HOBO CORE,SK HOBO CORE Rest of southeast sector in Trebišov district),SK HOBO CORE Northwest sector,Trebišov,Košice - okolie,FALSE,FALSE,FALSE,FALSE,6,3
0,Stanča,Kostoľany nad Hornádom,2,"Michaľany, Košice",11.10. po,11.10. po,113,68,SK HOBO CORE,SK HOBO CORE,SK HOBO CORE Rest of southeast sector in Trebišov district),SK HOBO CORE Northwest sector,Trebišov,Košice - okolie,FALSE,FALSE,FALSE,FALSE,6,3
0,Stanča,Kostoľany nad Hornádom,2,"Trebišov, Košice",11.10. po,11.10. po,131,71,SK HOBO CORE,SK HOBO CORE,SK HOBO CORE Rest of southeast sector in Trebišov district),SK HOBO CORE Northwest sector,Trebišov,Košice - okolie,FALSE,FALSE,FALSE,FALSE,6,3
0,Stanča,Kysak,2,"Michaľany, Košice",11.10. po,11.10. po,83,75,SK HOBO CORE,SK HOBO CORE,SK HOBO CORE Rest of southeast sector in Trebišov district),SK HOBO CORE Northwest sector,Trebišov,Košice - okolie,FALSE,FALSE,FALSE,FALSE,6,3
0,Stanča,Kysak,2,"Michaľany, Košice",11.10. po,11.10. po,120,75,SK HOBO CORE,SK HOBO CORE,SK HOBO CORE Rest of southeast sector in Trebišov district),SK HOBO CORE Northwest sector,Trebišov,Košice - okolie,FALSE,FALSE,FALSE,FALSE,6,3
0,Stanča,Kysak,2,"Trebišov, Košice",11.10. po,11.10. po,128,78,SK HOBO CORE,SK HOBO CORE,SK HOBO CORE Rest of southeast sector in Trebišov district),SK HOBO CORE Northwest sector,Trebišov,Košice - okolie,FALSE,FALSE,FALSE,FALSE,6,3
0,Stanča,Malá Lodina,2,"Trebišov, Košice",11.10. po,11.10. po,197,88,SK HOBO CORE,SK HOBO CORE,SK HOBO CORE Rest of southeast sector in Trebišov district),SK HOBO CORE Northwest sector,Trebišov,Košice - okolie,FALSE,FALSE,FALSE,FALSE,6,3
0,Stanča,Malá Lodina,2,"Trebišov, Košice",11.10. po,11.10. po,148,88,SK HOBO CORE,SK HOBO CORE,SK HOBO CORE Rest of southeast sector in Trebišov district),SK HOBO CORE Northwest sector,Trebišov,Košice - okolie,FALSE,FALSE,FALSE,FALSE,6,3
0,Stanča,Malá Lodina,2,"Michaľany, Košice",11.10. po,11.10. po,130,85,SK HOBO CORE,SK HOBO CORE,SK HOBO CORE Rest of southeast sector in Trebišov district),SK HOBO CORE Northwest sector,Trebišov,Košice - okolie,FALSE,FALSE,FALSE,FALSE,6,3
0,Stanča,Nižná Myšľa,2,"Trebišov, Košice",11.10. po,11.10. po,134,73,SK HOBO CORE,SK HOBO CORE,SK HOBO CORE Rest of southeast sector in Trebišov district),SK HOBO CORE Rest of southeast sector in Košice - vicinity district,Trebišov,Košice - okolie,FALSE,FALSE,FALSE,FALSE,6,7
0,Stanča,Obišovce,2,"Michaľany, Košice",11.10. po,11.10. po,87,78,SK HOBO CORE,SK HOBO CORE,SK HOBO CORE Rest of southeast sector in Trebišov district),SK HOBO CORE Northwest sector,Trebišov,Košice - okolie,FALSE,FALSE,FALSE,FALSE,6,3
0,Stanča,Obišovce,2,"Michaľany, Košice",11.10. po,11.10. po,143,77,SK HOBO CORE,SK HOBO CORE,SK HOBO CORE Rest of southeast sector in Trebišov district),SK HOBO CORE Northwest sector,Trebišov,Košice - okolie,FALSE,FALSE,FALSE,FALSE,6,3
0,Stanča,Obišovce,2,"Trebišov, Košice",11.10. po,11.10. po,210,81,SK HOBO CORE,SK HOBO CORE,SK HOBO CORE Rest of southeast sector in Trebišov district),SK HOBO CORE Northwest sector,Trebišov,Košice - okolie,FALSE,FALSE,FALSE,FALSE,6,3
0,Stanča,Trebejov,2,"Trebišov, Košice",11.10. po,11.10. po,136,76,SK HOBO CORE,SK HOBO CORE,SK HOBO CORE Rest of southeast sector in Trebišov district),SK HOBO CORE Northwest sector,Trebišov,Košice - okolie,FALSE,FALSE,FALSE,FALSE,6,3
0,Stanča,Trebejov,2,"Michaľany, Košice",11.10. po,11.10. po,80,73,SK HOBO CORE,SK HOBO CORE,SK HOBO CORE Rest of southeast sector in Trebišov district),SK HOBO CORE Northwest sector,Trebišov,Košice - okolie,FALSE,FALSE,FALSE,FALSE,6,3
0,Stanča,Trebejov,2,"Michaľany, Košice",11.10. po,11.10. po,117,73,SK HOBO CORE,SK HOBO CORE,SK HOBO CORE Rest of southeast sector in Trebišov district),SK HOBO CORE Northwest sector,Trebišov,Košice - okolie,FALSE,FALSE,FALSE,FALSE,6,3
0,Stanča,Veľká Lodina,2,"Trebišov, Košice",11.10. po,11.10. po,145,85,SK HOBO CORE,SK HOBO CORE,SK HOBO CORE Rest of southeast sector in Trebišov district),SK HOBO CORE Northwest sector,Trebišov,Košice - okolie,FALSE,FALSE,FALSE,FALSE,6,3
0,Stanča,Veľká Lodina,2,"Michaľany, Košice",11.10. po,11.10. po,127,82,SK HOBO CORE,SK HOBO CORE,SK HOBO CORE Rest of southeast sector in Trebišov district),SK HOBO CORE Northwest sector,Trebišov,Košice - okolie,FALSE,FALSE,FALSE,FALSE,6,3
0,Stanča,Veľká Lodina,2,"Trebišov, Košice",11.10. po,11.10. po,194,85,SK HOBO CORE,SK HOBO CORE,SK HOBO CORE Rest of southeast sector in Trebišov district),SK HOBO CORE Northwest sector,Trebišov,Košice - okolie,FALSE,FALSE,FALSE,FALSE,6,3
0,Stanča,Vyšná Myšľa,2,"Trebišov, Košice",11.10. po,11.10. po,137,75,SK HOBO CORE,SK HOBO CORE,SK HOBO CORE Rest of southeast sector in Trebišov district),SK HOBO CORE Rest of southeast sector in Košice - vicinity district,Trebišov,Košice - okolie,FALSE,FALSE,FALSE,FALSE,6,7
0,Streda nad Bodrogom,Čeľovce,2,"Michaľany, Trebišov",11.10. po,11.10. po,110,50,SK HOBO CORE,SK HOBO CORE,SK HOBO CORE Zemplin geopark outside of Tokaj Wine Route,SK HOBO CORE Rest of southeast sector in Trebišov district),Trebišov,Trebišov,FALSE,FALSE,TRUE,FALSE,5,6
0,Streda nad Bodrogom,Čeľovce,2,"Michaľany, Trebišov",11.10. po,11.10. po,102,50,SK HOBO CORE,SK HOBO CORE,SK HOBO CORE Zemplin geopark outside of Tokaj Wine Route,SK HOBO CORE Rest of southeast sector in Trebišov district),Trebišov,Trebišov,FALSE,FALSE,TRUE,FALSE,5,6
0,Streda nad Bodrogom,Čeľovce,2,"Michaľany, Trebišov",11.10. po,11.10. po,162,50,SK HOBO CORE,SK HOBO CORE,SK HOBO CORE Zemplin geopark outside of Tokaj Wine Route,SK HOBO CORE Rest of southeast sector in Trebišov district),Trebišov,Trebišov,FALSE,FALSE,TRUE,FALSE,5,6
0,Trebejov,Čeľovce,2,"Košice, Trebišov",11.10. po,11.10. po,112,75,SK HOBO CORE,SK HOBO CORE,SK HOBO CORE Northwest sector,SK HOBO CORE Rest of southeast sector in Trebišov district),Košice - okolie,Trebišov,FALSE,FALSE,FALSE,FALSE,3,6
0,Trebejov,Lastovce,2,"Košice, Michaľany",11.10. po,11.10. po,106,63,SK HOBO CORE,SK HOBO CORE,SK HOBO CORE Northwest sector,SK HOBO CORE Rest of southeast sector in Trebišov district),Košice - okolie,Trebišov,FALSE,FALSE,FALSE,FALSE,3,6
0,Trebejov,Lastovce,2,"Košice, Trebišov",11.10. po,11.10. po,138,86,SK HOBO CORE,SK HOBO CORE,SK HOBO CORE Northwest sector,SK HOBO CORE Rest of southeast sector in Trebišov district),Košice - okolie,Trebišov,FALSE,FALSE,FALSE,FALSE,3,6
0,Trebejov,Stanča,2,"Košice, Michaľany",11.10. po,11.10. po,118,73,SK HOBO CORE,SK HOBO CORE,SK HOBO CORE Northwest sector,SK HOBO CORE Rest of southeast sector in Trebišov district),Košice - okolie,Trebišov,FALSE,FALSE,FALSE,FALSE,3,6
0,Trebejov,Stanča,2,"Košice, Trebišov",11.10. po,11.10. po,125,76,SK HOBO CORE,SK HOBO CORE,SK HOBO CORE Northwest sector,SK HOBO CORE Rest of southeast sector in Trebišov district),Košice - okolie,Trebišov,FALSE,FALSE,FALSE,FALSE,3,6
0,Trebejov,Trebišov,2,"Košice, Michaľany",11.10. po,11.10. po,129,82,SK HOBO CORE,Trebišov,SK HOBO CORE Northwest sector,Trebišov,Košice - okolie,Trebišov,FALSE,TRUE,FALSE,FALSE,3,2
0,Trebejov,Veľaty,2,"Košice, Trebišov",11.10. po,11.10. po,133,82,SK HOBO CORE,SK HOBO CORE,SK HOBO CORE Northwest sector,SK HOBO CORE Zemplin geopark outside of Tokaj Wine Route,Košice - okolie,Trebišov,FALSE,FALSE,FALSE,TRUE,3,5
0,Trebejov,Veľaty,2,"Košice, Michaľany",11.10. po,11.10. po,111,67,SK HOBO CORE,SK HOBO CORE,SK HOBO CORE Northwest sector,SK HOBO CORE Zemplin geopark outside of Tokaj Wine Route,Košice - okolie,Trebišov,FALSE,FALSE,FALSE,TRUE,3,5
0,Veľaty,Kostoľany nad Hornádom,2,"Michaľany, Košice",11.10. po,11.10. po,106,62,SK HOBO CORE,SK HOBO CORE,SK HOBO CORE Zemplin geopark outside of Tokaj Wine Route,SK HOBO CORE Northwest sector,Trebišov,Košice - okolie,FALSE,FALSE,TRUE,FALSE,5,3
0,Veľaty,Kostoľany nad Hornádom,2,"Trebišov, Košice",11.10. po,11.10. po,137,77,SK HOBO CORE,SK HOBO CORE,SK HOBO CORE Zemplin geopark outside of Tokaj Wine Route,SK HOBO CORE Northwest sector,Trebišov,Košice - okolie,FALSE,FALSE,TRUE,FALSE,5,3
0,Veľaty,Kostoľany nad Hornádom,2,"Michaľany, Košice",11.10. po,11.10. po,69,62,SK HOBO CORE,SK HOBO CORE,SK HOBO CORE Zemplin geopark outside of Tokaj Wine Route,SK HOBO CORE Northwest sector,Trebišov,Košice - okolie,FALSE,FALSE,TRUE,FALSE,5,3
0,Veľaty,Kysak,2,"Michaľany, Košice",11.10. po,11.10. po,113,69,SK HOBO CORE,SK HOBO CORE,SK HOBO CORE Zemplin geopark outside of Tokaj Wine Route,SK HOBO CORE Northwest sector,Trebišov,Košice - okolie,FALSE,FALSE,TRUE,FALSE,5,3
0,Veľaty,Kysak,2,"Michaľany, Košice",11.10. po,11.10. po,76,69,SK HOBO CORE,SK HOBO CORE,SK HOBO CORE Zemplin geopark outside of Tokaj Wine Route,SK HOBO CORE Northwest sector,Trebišov,Košice - okolie,FALSE,FALSE,TRUE,FALSE,5,3
0,Veľaty,Kysak,2,"Trebišov, Košice",11.10. po,11.10. po,134,84,SK HOBO CORE,SK HOBO CORE,SK HOBO CORE Zemplin geopark outside of Tokaj Wine Route,SK HOBO CORE Northwest sector,Trebišov,Košice - okolie,FALSE,FALSE,TRUE,FALSE,5,3
0,Veľaty,Malá Lodina,2,"Trebišov, Košice",11.10. po,11.10. po,204,94,SK HOBO CORE,SK HOBO CORE,SK HOBO CORE Zemplin geopark outside of Tokaj Wine Route,SK HOBO CORE Northwest sector,Trebišov,Košice - okolie,FALSE,FALSE,TRUE,FALSE,5,3
0,Veľaty,Malá Lodina,2,"Michaľany, Košice",11.10. po,11.10. po,123,79,SK HOBO CORE,SK HOBO CORE,SK HOBO CORE Zemplin geopark outside of Tokaj Wine Route,SK HOBO CORE Northwest sector,Trebišov,Košice - okolie,FALSE,FALSE,TRUE,FALSE,5,3
0,Veľaty,Malá Lodina,2,"Trebišov, Košice",11.10. po,11.10. po,154,94,SK HOBO CORE,SK HOBO CORE,SK HOBO CORE Zemplin geopark outside of Tokaj Wine Route,SK HOBO CORE Northwest sector,Trebišov,Košice - okolie,FALSE,FALSE,TRUE,FALSE,5,3
0,Veľaty,Nižná Myšľa,2,"Trebišov, Košice",11.10. po,11.10. po,140,79,SK HOBO CORE,SK HOBO CORE,SK HOBO CORE Zemplin geopark outside of Tokaj Wine Route,SK HOBO CORE Rest of southeast sector in Košice - vicinity district,Trebišov,Košice - okolie,FALSE,FALSE,TRUE,FALSE,5,7
0,Veľaty,Obišovce,2,"Michaľany, Košice",11.10. po,11.10. po,136,71,SK HOBO CORE,SK HOBO CORE,SK HOBO CORE Zemplin geopark outside of Tokaj Wine Route,SK HOBO CORE Northwest sector,Trebišov,Košice - okolie,FALSE,FALSE,TRUE,FALSE,5,3
0,Veľaty,Obišovce,2,"Trebišov, Košice",11.10. po,11.10. po,217,87,SK HOBO CORE,SK HOBO CORE,SK HOBO CORE Zemplin geopark outside of Tokaj Wine Route,SK HOBO CORE Northwest sector,Trebišov,Košice - okolie,FALSE,FALSE,TRUE,FALSE,5,3
0,Veľaty,Obišovce,2,"Michaľany, Košice",11.10. po,11.10. po,80,72,SK HOBO CORE,SK HOBO CORE,SK HOBO CORE Zemplin geopark outside of Tokaj Wine Route,SK HOBO CORE Northwest sector,Trebišov,Košice - okolie,FALSE,FALSE,TRUE,FALSE,5,3
0,Veľaty,Trebejov,2,"Michaľany, Košice",11.10. po,11.10. po,110,67,SK HOBO CORE,SK HOBO CORE,SK HOBO CORE Zemplin geopark outside of Tokaj Wine Route,SK HOBO CORE Northwest sector,Trebišov,Košice - okolie,FALSE,FALSE,TRUE,FALSE,5,3
0,Veľaty,Trebejov,2,"Trebišov, Košice",11.10. po,11.10. po,142,82,SK HOBO CORE,SK HOBO CORE,SK HOBO CORE Zemplin geopark outside of Tokaj Wine Route,SK HOBO CORE Northwest sector,Trebišov,Košice - okolie,FALSE,FALSE,TRUE,FALSE,5,3
0,Veľaty,Trebejov,2,"Michaľany, Košice",11.10. po,11.10. po,73,67,SK HOBO CORE,SK HOBO CORE,SK HOBO CORE Zemplin geopark outside of Tokaj Wine Route,SK HOBO CORE Northwest sector,Trebišov,Košice - okolie,FALSE,FALSE,TRUE,FALSE,5,3
0,Veľaty,Veľká Lodina,2,"Trebišov, Košice",11.10. po,11.10. po,201,91,SK HOBO CORE,SK HOBO CORE,SK HOBO CORE Zemplin geopark outside of Tokaj Wine Route,SK HOBO CORE Northwest sector,Trebišov,Košice - okolie,FALSE,FALSE,TRUE,FALSE,5,3
0,Veľaty,Veľká Lodina,2,"Trebišov, Košice",11.10. po,11.10. po,151,91,SK HOBO CORE,SK HOBO CORE,SK HOBO CORE Zemplin geopark outside of Tokaj Wine Route,SK HOBO CORE Northwest sector,Trebišov,Košice - okolie,FALSE,FALSE,TRUE,FALSE,5,3
0,Veľaty,Veľká Lodina,2,"Michaľany, Košice",11.10. po,11.10. po,120,76,SK HOBO CORE,SK HOBO CORE,SK HOBO CORE Zemplin geopark outside of Tokaj Wine Route,SK HOBO CORE Northwest sector,Trebišov,Košice - okolie,FALSE,FALSE,TRUE,FALSE,5,3
0,Veľaty,Vyšná Myšľa,2,"Trebišov, Košice",11.10. po,11.10. po,143,81,SK HOBO CORE,SK HOBO CORE,SK HOBO CORE Zemplin geopark outside of Tokaj Wine Route,SK HOBO CORE Rest of southeast sector in Košice - vicinity district,Trebišov,Košice - okolie,FALSE,FALSE,TRUE,FALSE,5,7
0,Veľká Lodina,Čeľovce,2,"Košice, Trebišov",11.10. po,11.10. po,122,84,SK HOBO CORE,SK HOBO CORE,SK HOBO CORE Northwest sector,SK HOBO CORE Rest of southeast sector in Trebišov district),Košice - okolie,Trebišov,FALSE,FALSE,FALSE,FALSE,3,6
0,Veľká Lodina,Lastovce,2,"Košice, Trebišov",11.10. po,11.10. po,147,95,SK HOBO CORE,SK HOBO CORE,SK HOBO CORE Northwest sector,SK HOBO CORE Rest of southeast sector in Trebišov district),Košice - okolie,Trebišov,FALSE,FALSE,FALSE,FALSE,3,6
0,Veľká Lodina,Lastovce,2,"Košice, Michaľany",11.10. po,11.10. po,115,72,SK HOBO CORE,SK HOBO CORE,SK HOBO CORE Northwest sector,SK HOBO CORE Rest of southeast sector in Trebišov district),Košice - okolie,Trebišov,FALSE,FALSE,FALSE,FALSE,3,6
0,Veľká Lodina,Lastovce,2,"Košice, Trebišov",11.10. po,11.10. po,148,95,SK HOBO CORE,SK HOBO CORE,SK HOBO CORE Northwest sector,SK HOBO CORE Rest of southeast sector in Trebišov district),Košice - okolie,Trebišov,FALSE,FALSE,FALSE,FALSE,3,6
0,Veľká Lodina,Stanča,2,"Košice, Michaľany",11.10. po,11.10. po,127,82,SK HOBO CORE,SK HOBO CORE,SK HOBO CORE Northwest sector,SK HOBO CORE Rest of southeast sector in Trebišov district),Košice - okolie,Trebišov,FALSE,FALSE,FALSE,FALSE,3,6
0,Veľká Lodina,Stanča,2,"Košice, Trebišov",11.10. po,11.10. po,135,85,SK HOBO CORE,SK HOBO CORE,SK HOBO CORE Northwest sector,SK HOBO CORE Rest of southeast sector in Trebišov district),Košice - okolie,Trebišov,FALSE,FALSE,FALSE,FALSE,3,6
0,Veľká Lodina,Stanča,2,"Košice, Trebišov",11.10. po,11.10. po,134,85,SK HOBO CORE,SK HOBO CORE,SK HOBO CORE Northwest sector,SK HOBO CORE Rest of southeast sector in Trebišov district),Košice - okolie,Trebišov,FALSE,FALSE,FALSE,FALSE,3,6
0,Veľká Lodina,Trebišov,2,"Košice, Michaľany",11.10. po,11.10. po,138,91,SK HOBO CORE,Trebišov,SK HOBO CORE Northwest sector,Trebišov,Košice - okolie,Trebišov,FALSE,TRUE,FALSE,FALSE,3,2
0,Veľká Lodina,Veľaty,2,"Košice, Michaľany",11.10. po,11.10. po,120,76,SK HOBO CORE,SK HOBO CORE,SK HOBO CORE Northwest sector,SK HOBO CORE Zemplin geopark outside of Tokaj Wine Route,Košice - okolie,Trebišov,FALSE,FALSE,FALSE,TRUE,3,5
0,Veľká Lodina,Veľaty,2,"Košice, Trebišov",11.10. po,11.10. po,143,91,SK HOBO CORE,SK HOBO CORE,SK HOBO CORE Northwest sector,SK HOBO CORE Zemplin geopark outside of Tokaj Wine Route,Košice - okolie,Trebišov,FALSE,FALSE,FALSE,TRUE,3,5
0,Veľká Lodina,Veľaty,2,"Košice, Trebišov",11.10. po,11.10. po,142,91,SK HOBO CORE,SK HOBO CORE,SK HOBO CORE Northwest sector,SK HOBO CORE Zemplin geopark outside of Tokaj Wine Route,Košice - okolie,Trebišov,FALSE,FALSE,FALSE,TRUE,3,5
0,Vyšná Myšľa,Čeľovce,2,"Michaľany, Trebišov",11.10. po,11.10. po,166,59,SK HOBO CORE,SK HOBO CORE,SK HOBO CORE Rest of southeast sector in Košice - vicinity district,SK HOBO CORE Rest of southeast sector in Trebišov district),Košice - okolie,Trebišov,FALSE,FALSE,FALSE,FALSE,7,6
0,Vyšná Myšľa,Čeľovce,2,"Michaľany, Trebišov",11.10. po,11.10. po,167,59,SK HOBO CORE,SK HOBO CORE,SK HOBO CORE Rest of southeast sector in Košice - vicinity district,SK HOBO CORE Rest of southeast sector in Trebišov district),Košice - okolie,Trebišov,FALSE,FALSE,FALSE,FALSE,7,6
0,Vyšná Myšľa,Čeľovce,2,"Košice, Trebišov",11.10. po,11.10. po,109,78,SK HOBO CORE,SK HOBO CORE,SK HOBO CORE Rest of southeast sector in Košice - vicinity district,SK HOBO CORE Rest of southeast sector in Trebišov district),Košice - okolie,Trebišov,FALSE,FALSE,FALSE,FALSE,7,6
0,Vyšná Myšľa,Malá Lodina,2,"Košice, Margecany",11.10. po,11.10. po,88,61,SK HOBO CORE,SK HOBO CORE,SK HOBO CORE Rest of southeast sector in Košice - vicinity district,SK HOBO CORE Northwest sector,Košice - okolie,Košice - okolie,FALSE,FALSE,FALSE,FALSE,7,3
0,Vyšná Myšľa,Stanča,2,"Košice, Trebišov",11.10. po,11.10. po,122,79,SK HOBO CORE,SK HOBO CORE,SK HOBO CORE Rest of southeast sector in Košice - vicinity district,SK HOBO CORE Rest of southeast sector in Trebišov district),Košice - okolie,Trebišov,FALSE,FALSE,FALSE,FALSE,7,6
0,Vyšná Myšľa,Trebejov,2,"Košice, Kysak",11.10. po,11.10. po,56,35,SK HOBO CORE,SK HOBO CORE,SK HOBO CORE Rest of southeast sector in Košice - vicinity district,SK HOBO CORE Northwest sector,Košice - okolie,Košice - okolie,FALSE,FALSE,FALSE,FALSE,7,3
0,Vyšná Myšľa,Veľká Lodina,2,"Košice, Margecany",11.10. po,11.10. po,95,64,SK HOBO CORE,SK HOBO CORE,SK HOBO CORE Rest of southeast sector in Košice - vicinity district,SK HOBO CORE Northwest sector,Košice - okolie,Košice - okolie,FALSE,FALSE,FALSE,FALSE,7,3
