sector,muni,g_ord,sk_hobo
HU HOBO,ABAÚJALPÁR,POP_0-14_2020,3
HU HOBO,ABAÚJALPÁR,POP_15-64_2020,30
HU HOBO,ABAÚJALPÁR,POP_above_65_2020,13
HU HOBO,ABAÚJKÉR,POP_0-14_2020,72
HU HOBO,ABAÚJKÉR,POP_15-64_2020,395
HU HOBO,ABAÚJKÉR,POP_above_65_2020,88
HU HOBO,ABAÚJSZÁNTÓ,POP_0-14_2020,402
HU HOBO,ABAÚJSZÁNTÓ,POP_15-64_2020,1878
HU HOBO,ABAÚJSZÁNTÓ,POP_above_65_2020,561
HU HOBO,ABAÚJVÁR,POP_0-14_2020,37
HU HOBO,ABAÚJVÁR,POP_15-64_2020,148
HU HOBO,ABAÚJVÁR,POP_above_65_2020,39
HU HOBO,ALSÓBERECKI,POP_0-14_2020,118
HU HOBO,ALSÓBERECKI,POP_15-64_2020,478
HU HOBO,ALSÓBERECKI,POP_above_65_2020,111
HU HOBO,ALSÓDOBSZA,POP_0-14_2020,45
HU HOBO,ALSÓDOBSZA,POP_15-64_2020,187
HU HOBO,ALSÓDOBSZA,POP_above_65_2020,63
HU HOBO,ALSÓREGMEC,POP_0-14_2020,24
HU HOBO,ALSÓREGMEC,POP_15-64_2020,140
HU HOBO,ALSÓREGMEC,POP_above_65_2020,32
HU HOBO,ARKA,POP_0-14_2020,4
HU HOBO,ARKA,POP_15-64_2020,36
HU HOBO,ARKA,POP_above_65_2020,14
HU HOBO,Bara,POP_0-14_2020,30
HU HOBO,Bara,POP_15-64_2020,203
HU HOBO,Bara,POP_above_65_2020,44
HU HOBO,BASKÓ,POP_0-14_2020,15
HU HOBO,BASKÓ,POP_15-64_2020,94
HU HOBO,BASKÓ,POP_above_65_2020,52
HU HOBO,BEKECS,POP_0-14_2020,316
HU HOBO,BEKECS,POP_15-64_2020,1664
HU HOBO,BEKECS,POP_above_65_2020,365
HU HOBO,Belža,POP_0-14_2020,67
HU HOBO,Belža,POP_15-64_2020,275
HU HOBO,Belža,POP_above_65_2020,75
HU HOBO,Blažice,POP_0-14_2020,153
HU HOBO,Blažice,POP_15-64_2020,420
HU HOBO,Blažice,POP_above_65_2020,71
HU HOBO,Bočiar,POP_0-14_2020,53
HU HOBO,Bočiar,POP_15-64_2020,154
HU HOBO,Bočiar,POP_above_65_2020,46
HU HOBO,BODROGKERESZTÚR,POP_0-14_2020,97
HU HOBO,BODROGKERESZTÚR,POP_15-64_2020,640
HU HOBO,BODROGKERESZTÚR,POP_above_65_2020,249
HU HOBO,BODROGKISFALUD,POP_0-14_2020,107
HU HOBO,BODROGKISFALUD,POP_15-64_2020,568
HU HOBO,BODROGKISFALUD,POP_above_65_2020,203
HU HOBO,BODROGOLASZI,POP_0-14_2020,122
HU HOBO,BODROGOLASZI,POP_15-64_2020,574
HU HOBO,BODROGOLASZI,POP_above_65_2020,149
HU HOBO,Bohdanovce,POP_0-14_2020,183
HU HOBO,Bohdanovce,POP_15-64_2020,794
HU HOBO,Bohdanovce,POP_above_65_2020,168
HU HOBO,BOLDOGKŐÚJFALU,POP_0-14_2020,195
HU HOBO,BOLDOGKŐÚJFALU,POP_15-64_2020,375
HU HOBO,BOLDOGKŐÚJFALU,POP_above_65_2020,63
HU HOBO,BOLDOGKŐVÁRALJA,POP_0-14_2020,149
HU HOBO,BOLDOGKŐVÁRALJA,POP_15-64_2020,763
HU HOBO,BOLDOGKŐVÁRALJA,POP_above_65_2020,145
HU HOBO,Borša,POP_0-14_2020,139
HU HOBO,Borša,POP_15-64_2020,748
HU HOBO,Borša,POP_above_65_2020,243
HU HOBO,BÓZSVA,POP_0-14_2020,13
HU HOBO,BÓZSVA,POP_15-64_2020,112
HU HOBO,BÓZSVA,POP_above_65_2020,47
HU HOBO,Brehov,POP_0-14_2020,88
HU HOBO,Brehov,POP_15-64_2020,406
HU HOBO,Brehov,POP_above_65_2020,93
HU HOBO,Brezina,POP_0-14_2020,96
HU HOBO,Brezina,POP_15-64_2020,457
HU HOBO,Brezina,POP_above_65_2020,107
HU HOBO,Byšta,POP_0-14_2020,23
HU HOBO,Byšta,POP_15-64_2020,92
HU HOBO,Byšta,POP_above_65_2020,38
HU HOBO,Čaňa,POP_0-14_2020,1223
HU HOBO,Čaňa,POP_15-64_2020,4222
HU HOBO,Čaňa,POP_above_65_2020,664
HU HOBO,Cejkov,POP_0-14_2020,154
HU HOBO,Cejkov,POP_15-64_2020,805
HU HOBO,Cejkov,POP_above_65_2020,216
HU HOBO,Čeľovce,POP_0-14_2020,105
HU HOBO,Čeľovce,POP_15-64_2020,355
HU HOBO,Čeľovce,POP_above_65_2020,92
HU HOBO,Čerhov,POP_0-14_2020,103
HU HOBO,Čerhov,POP_15-64_2020,511
HU HOBO,Čerhov,POP_above_65_2020,114
HU HOBO,Černochov,POP_0-14_2020,18
HU HOBO,Černochov,POP_15-64_2020,126
HU HOBO,Černochov,POP_above_65_2020,47
HU HOBO,Družstevná pri Hornáde,POP_0-14_2020,579
HU HOBO,Družstevná pri Hornáde,POP_15-64_2020,1883
HU HOBO,Družstevná pri Hornáde,POP_above_65_2020,356
HU HOBO,Egreš,POP_0-14_2020,118
HU HOBO,Egreš,POP_15-64_2020,287
HU HOBO,Egreš,POP_above_65_2020,66
HU HOBO,ERDŐBÉNYE,POP_0-14_2020,113
HU HOBO,ERDŐBÉNYE,POP_15-64_2020,646
HU HOBO,ERDŐBÉNYE,POP_above_65_2020,223
HU HOBO,ERDŐHORVÁTI,POP_0-14_2020,52
HU HOBO,ERDŐHORVÁTI,POP_15-64_2020,406
HU HOBO,ERDŐHORVÁTI,POP_above_65_2020,118
HU HOBO,FELSŐBERECKI,POP_0-14_2020,24
HU HOBO,FELSŐBERECKI,POP_15-64_2020,169
HU HOBO,FELSŐBERECKI,POP_above_65_2020,33
HU HOBO,FELSŐDOBSZA,POP_0-14_2020,139
HU HOBO,FELSŐDOBSZA,POP_15-64_2020,597
HU HOBO,FELSŐDOBSZA,POP_above_65_2020,133
HU HOBO,FELSŐREGMEC,POP_0-14_2020,99
HU HOBO,FELSŐREGMEC,POP_15-64_2020,184
HU HOBO,FELSŐREGMEC,POP_above_65_2020,11
HU HOBO,FILKEHÁZA,POP_0-14_2020,4
HU HOBO,FILKEHÁZA,POP_15-64_2020,48
HU HOBO,FILKEHÁZA,POP_above_65_2020,18
HU HOBO,FONY,POP_0-14_2020,43
HU HOBO,FONY,POP_15-64_2020,198
HU HOBO,FONY,POP_above_65_2020,38
HU HOBO,FÜZÉR,POP_0-14_2020,49
HU HOBO,FÜZÉR,POP_15-64_2020,213
HU HOBO,FÜZÉR,POP_above_65_2020,88
HU HOBO,FÜZÉRKAJATA,POP_0-14_2020,11
HU HOBO,FÜZÉRKAJATA,POP_15-64_2020,75
HU HOBO,FÜZÉRKAJATA,POP_above_65_2020,20
HU HOBO,FÜZÉRKOMLÓS,POP_0-14_2020,24
HU HOBO,FÜZÉRKOMLÓS,POP_15-64_2020,167
HU HOBO,FÜZÉRKOMLÓS,POP_above_65_2020,55
HU HOBO,FÜZÉRRADVÁNY,POP_0-14_2020,29
HU HOBO,FÜZÉRRADVÁNY,POP_15-64_2020,183
HU HOBO,FÜZÉRRADVÁNY,POP_above_65_2020,46
HU HOBO,Geča,POP_0-14_2020,302
HU HOBO,Geča,POP_15-64_2020,1309
HU HOBO,Geča,POP_above_65_2020,245
HU HOBO,GESZTELY,POP_0-14_2020,484
HU HOBO,GESZTELY,POP_15-64_2020,1608
HU HOBO,GESZTELY,POP_above_65_2020,413
HU HOBO,GIBÁRT,POP_0-14_2020,37
HU HOBO,GIBÁRT,POP_15-64_2020,237
HU HOBO,GIBÁRT,POP_above_65_2020,59
HU HOBO,GOLOP,POP_0-14_2020,81
HU HOBO,GOLOP,POP_15-64_2020,314
HU HOBO,GOLOP,POP_above_65_2020,150
HU HOBO,GÖNC,POP_0-14_2020,301
HU HOBO,GÖNC,POP_15-64_2020,1311
HU HOBO,GÖNC,POP_above_65_2020,315
HU HOBO,GÖNCRUSZKA,POP_0-14_2020,130
HU HOBO,GÖNCRUSZKA,POP_15-64_2020,469
HU HOBO,GÖNCRUSZKA,POP_above_65_2020,113
HU HOBO,Gyňov,POP_0-14_2020,109
HU HOBO,Gyňov,POP_15-64_2020,453
HU HOBO,Gyňov,POP_above_65_2020,118
HU HOBO,Haniska,POP_0-14_2020,267
HU HOBO,Haniska,POP_15-64_2020,1046
HU HOBO,Haniska,POP_above_65_2020,265
HU HOBO,HÁROMHUTA,POP_0-14_2020,7
HU HOBO,HÁROMHUTA,POP_15-64_2020,55
HU HOBO,HÁROMHUTA,POP_above_65_2020,35
HU HOBO,HEJCE,POP_0-14_2020,16
HU HOBO,HEJCE,POP_15-64_2020,148
HU HOBO,HEJCE,POP_above_65_2020,50
HU HOBO,HERCEGKÚT,POP_0-14_2020,98
HU HOBO,HERCEGKÚT,POP_15-64_2020,395
HU HOBO,HERCEGKÚT,POP_above_65_2020,144
HU HOBO,HERNÁDBŰD,POP_0-14_2020,10
HU HOBO,HERNÁDBŰD,POP_15-64_2020,84
HU HOBO,HERNÁDBŰD,POP_above_65_2020,26
HU HOBO,HERNÁDCÉCE,POP_0-14_2020,59
HU HOBO,HERNÁDCÉCE,POP_15-64_2020,128
HU HOBO,HERNÁDCÉCE,POP_above_65_2020,18
HU HOBO,HERNÁDKÉRCS,POP_0-14_2020,55
HU HOBO,HERNÁDKÉRCS,POP_15-64_2020,220
HU HOBO,HERNÁDKÉRCS,POP_above_65_2020,28
HU HOBO,HERNÁDSZURDOK,POP_0-14_2020,37
HU HOBO,HERNÁDSZURDOK,POP_15-64_2020,123
HU HOBO,HERNÁDSZURDOK,POP_above_65_2020,25
HU HOBO,HIDASNÉMETI,POP_0-14_2020,162
HU HOBO,HIDASNÉMETI,POP_15-64_2020,724
HU HOBO,HIDASNÉMETI,POP_above_65_2020,203
HU HOBO,HOLLÓHÁZA,POP_0-14_2020,57
HU HOBO,HOLLÓHÁZA,POP_15-64_2020,476
HU HOBO,HOLLÓHÁZA,POP_above_65_2020,202
HU HOBO,Hraň,POP_0-14_2020,236
HU HOBO,Hraň,POP_15-64_2020,1076
HU HOBO,Hraň,POP_above_65_2020,253
HU HOBO,Hrčeľ,POP_0-14_2020,386
HU HOBO,Hrčeľ,POP_15-64_2020,615
HU HOBO,Hrčeľ,POP_above_65_2020,109
HU HOBO,Kalša,POP_0-14_2020,120
HU HOBO,Kalša,POP_15-64_2020,497
HU HOBO,Kalša,POP_above_65_2020,115
HU HOBO,Kašov,POP_0-14_2020,51
HU HOBO,Kašov,POP_15-64_2020,202
HU HOBO,Kašov,POP_above_65_2020,55
HU HOBO,Kazimír,POP_0-14_2020,113
HU HOBO,Kazimír,POP_15-64_2020,610
HU HOBO,Kazimír,POP_above_65_2020,117
HU HOBO,Kechnec,POP_0-14_2020,221
HU HOBO,Kechnec,POP_15-64_2020,825
HU HOBO,Kechnec,POP_above_65_2020,141
HU HOBO,KÉKED,POP_0-14_2020,27
HU HOBO,KÉKED,POP_15-64_2020,147
HU HOBO,KÉKED,POP_above_65_2020,33
HU HOBO,KISHUTA,POP_0-14_2020,14
HU HOBO,KISHUTA,POP_15-64_2020,188
HU HOBO,KISHUTA,POP_above_65_2020,65
HU HOBO,Klin nad Bodrogom,POP_0-14_2020,23
HU HOBO,Klin nad Bodrogom,POP_15-64_2020,140
HU HOBO,Klin nad Bodrogom,POP_above_65_2020,38
HU HOBO,Kokšov  - Bakša,POP_0-14_2020,213
HU HOBO,Kokšov  - Bakša,POP_15-64_2020,852
HU HOBO,Kokšov  - Bakša,POP_above_65_2020,185
HU HOBO,KOMLÓSKA,POP_0-14_2020,30
HU HOBO,KOMLÓSKA,POP_15-64_2020,141
HU HOBO,KOMLÓSKA,POP_above_65_2020,38
HU HOBO,KORLÁT,POP_0-14_2020,40
HU HOBO,KORLÁT,POP_15-64_2020,197
HU HOBO,KORLÁT,POP_above_65_2020,44
HU HOBO,Košice - Barca,POP_0-14_2020,542
HU HOBO,Košice - Barca,POP_15-64_2020,2488
HU HOBO,Košice - Barca,POP_above_65_2020,704
HU HOBO,Košice - Dargovských hrdinov,POP_0-14_2020,3589
HU HOBO,Košice - Dargovských hrdinov,POP_15-64_2020,16844
HU HOBO,Košice - Dargovských hrdinov,POP_above_65_2020,5145
HU HOBO,Košice - Džungľa,POP_0-14_2020,176
HU HOBO,Košice - Džungľa,POP_15-64_2020,493
HU HOBO,Košice - Džungľa,POP_above_65_2020,76
HU HOBO,Košice - Juh,POP_0-14_2020,2779
HU HOBO,Košice - Juh,POP_15-64_2020,13700
HU HOBO,Košice - Juh,POP_above_65_2020,6092
HU HOBO,Košice - Kavečany,POP_0-14_2020,214
HU HOBO,Košice - Kavečany,POP_15-64_2020,953
HU HOBO,Košice - Kavečany,POP_above_65_2020,210
HU HOBO,Košice - Košická Nová Ves,POP_0-14_2020,472
HU HOBO,Košice - Košická Nová Ves,POP_15-64_2020,1967
HU HOBO,Košice - Košická Nová Ves,POP_above_65_2020,518
HU HOBO,Košice - Krásna,POP_0-14_2020,1287
HU HOBO,Košice - Krásna,POP_15-64_2020,4099
HU HOBO,Košice - Krásna,POP_above_65_2020,715
HU HOBO,Košice - Lorinčík,POP_0-14_2020,195
HU HOBO,Košice - Lorinčík,POP_15-64_2020,587
HU HOBO,Košice - Lorinčík,POP_above_65_2020,106
HU HOBO,Košice - Luník IX,POP_0-14_2020,2093
HU HOBO,Košice - Luník IX,POP_15-64_2020,4387
HU HOBO,Košice - Luník IX,POP_above_65_2020,209
HU HOBO,Košice - Myslava,POP_0-14_2020,402
HU HOBO,Košice - Myslava,POP_15-64_2020,1689
HU HOBO,Košice - Myslava,POP_above_65_2020,449
HU HOBO,Košice - Nad jazerom,POP_0-14_2020,3201
HU HOBO,Košice - Nad jazerom,POP_15-64_2020,15680
HU HOBO,Košice - Nad jazerom,POP_above_65_2020,5334
HU HOBO,Košice - Pereš,POP_0-14_2020,332
HU HOBO,Košice - Pereš,POP_15-64_2020,1419
HU HOBO,Košice - Pereš,POP_above_65_2020,336
HU HOBO,Košice - Poľov,POP_0-14_2020,208
HU HOBO,Košice - Poľov,POP_15-64_2020,827
HU HOBO,Košice - Poľov,POP_above_65_2020,182
HU HOBO,Košice - Šaca,POP_0-14_2020,994
HU HOBO,Košice - Šaca,POP_15-64_2020,4327
HU HOBO,Košice - Šaca,POP_above_65_2020,711
HU HOBO,Košice - Šebastovce,POP_0-14_2020,125
HU HOBO,Košice - Šebastovce,POP_15-64_2020,515
HU HOBO,Košice - Šebastovce,POP_above_65_2020,118
HU HOBO,Košice - Sever,POP_0-14_2020,2675
HU HOBO,Košice - Sever,POP_15-64_2020,13066
HU HOBO,Košice - Sever,POP_above_65_2020,4411
HU HOBO,Košice - Sídlisko KVP,POP_0-14_2020,3228
HU HOBO,Košice - Sídlisko KVP,POP_15-64_2020,17503
HU HOBO,Košice - Sídlisko KVP,POP_above_65_2020,2522
HU HOBO,Košice - Sídlisko Ťahanovce,POP_0-14_2020,2881
HU HOBO,Košice - Sídlisko Ťahanovce,POP_15-64_2020,17238
HU HOBO,Košice - Sídlisko Ťahanovce,POP_above_65_2020,1629
HU HOBO,Košice - Staré Mesto,POP_0-14_2020,2710
HU HOBO,Košice - Staré Mesto,POP_15-64_2020,13170
HU HOBO,Košice - Staré Mesto,POP_above_65_2020,4981
HU HOBO,Košice - Ťahanovce,POP_0-14_2020,401
HU HOBO,Košice - Ťahanovce,POP_15-64_2020,1848
HU HOBO,Košice - Ťahanovce,POP_above_65_2020,289
HU HOBO,Košice - Vyšné Opátske,POP_0-14_2020,520
HU HOBO,Košice - Vyšné Opátske,POP_15-64_2020,1768
HU HOBO,Košice - Vyšné Opátske,POP_above_65_2020,399
HU HOBO,Košice - Západ,POP_0-14_2020,5254
HU HOBO,Košice - Západ,POP_15-64_2020,25421
HU HOBO,Košice - Západ,POP_above_65_2020,8735
HU HOBO,Košická Polianka,POP_0-14_2020,181
HU HOBO,Košická Polianka,POP_15-64_2020,718
HU HOBO,Košická Polianka,POP_above_65_2020,148
HU HOBO,Kostoľany nad Hornádom,POP_0-14_2020,169
HU HOBO,Kostoľany nad Hornádom,POP_15-64_2020,855
HU HOBO,Kostoľany nad Hornádom,POP_above_65_2020,252
HU HOBO,KOVÁCSVÁGÁS,POP_0-14_2020,113
HU HOBO,KOVÁCSVÁGÁS,POP_15-64_2020,431
HU HOBO,KOVÁCSVÁGÁS,POP_above_65_2020,73
HU HOBO,Kožuchov,POP_0-14_2020,24
HU HOBO,Kožuchov,POP_15-64_2020,130
HU HOBO,Kožuchov,POP_above_65_2020,43
HU HOBO,Kuzmice,POP_0-14_2020,313
HU HOBO,Kuzmice,POP_15-64_2020,1133
HU HOBO,Kuzmice,POP_above_65_2020,257
HU HOBO,Kysak,POP_0-14_2020,222
HU HOBO,Kysak,POP_15-64_2020,1028
HU HOBO,Kysak,POP_above_65_2020,243
HU HOBO,Kysta,POP_0-14_2020,42
HU HOBO,Kysta,POP_15-64_2020,279
HU HOBO,Kysta,POP_above_65_2020,70
HU HOBO,Ladmovce,POP_0-14_2020,32
HU HOBO,Ladmovce,POP_15-64_2020,223
HU HOBO,Ladmovce,POP_above_65_2020,58
HU HOBO,Lastovce,POP_0-14_2020,340
HU HOBO,Lastovce,POP_15-64_2020,775
HU HOBO,Lastovce,POP_above_65_2020,117
HU HOBO,LEGYESBÉNYE,POP_0-14_2020,222
HU HOBO,LEGYESBÉNYE,POP_15-64_2020,927
HU HOBO,LEGYESBÉNYE,POP_above_65_2020,240
HU HOBO,Luhyňa,POP_0-14_2020,41
HU HOBO,Luhyňa,POP_15-64_2020,189
HU HOBO,Luhyňa,POP_above_65_2020,68
HU HOBO,MÁD,POP_0-14_2020,212
HU HOBO,MÁD,POP_15-64_2020,1336
HU HOBO,MÁD,POP_above_65_2020,465
HU HOBO,MAKKOSHOTYKA,POP_0-14_2020,133
HU HOBO,MAKKOSHOTYKA,POP_15-64_2020,532
HU HOBO,MAKKOSHOTYKA,POP_above_65_2020,118
HU HOBO,Malá Lodina,POP_0-14_2020,19
HU HOBO,Malá Lodina,POP_15-64_2020,128
HU HOBO,Malá Lodina,POP_above_65_2020,39
HU HOBO,Malá Tŕňa,POP_0-14_2020,45
HU HOBO,Malá Tŕňa,POP_15-64_2020,248
HU HOBO,Malá Tŕňa,POP_above_65_2020,73
HU HOBO,Malý Kamenec,POP_0-14_2020,44
HU HOBO,Malý Kamenec,POP_15-64_2020,284
HU HOBO,Malý Kamenec,POP_above_65_2020,85
HU HOBO,MEGYASZÓ,POP_0-14_2020,572
HU HOBO,MEGYASZÓ,POP_15-64_2020,1658
HU HOBO,MEGYASZÓ,POP_above_65_2020,359
HU HOBO,MEZŐZOMBOR,POP_0-14_2020,446
HU HOBO,MEZŐZOMBOR,POP_15-64_2020,1505
HU HOBO,MEZŐZOMBOR,POP_above_65_2020,349
HU HOBO,Michaľany,POP_0-14_2020,315
HU HOBO,Michaľany,POP_15-64_2020,1281
HU HOBO,Michaľany,POP_above_65_2020,286
HU HOBO,MIKÓHÁZA,POP_0-14_2020,67
HU HOBO,MIKÓHÁZA,POP_15-64_2020,352
HU HOBO,MIKÓHÁZA,POP_above_65_2020,103
HU HOBO,Milhosť,POP_0-14_2020,62
HU HOBO,Milhosť,POP_15-64_2020,278
HU HOBO,Milhosť,POP_above_65_2020,54
HU HOBO,MOGYORÓSKA,POP_0-14_2020,10
HU HOBO,MOGYORÓSKA,POP_15-64_2020,53
HU HOBO,MOGYORÓSKA,POP_above_65_2020,22
HU HOBO,MONOK,POP_0-14_2020,191
HU HOBO,MONOK,POP_15-64_2020,981
HU HOBO,MONOK,POP_above_65_2020,317
HU HOBO,NAGYHUTA,POP_0-14_2020,6
HU HOBO,NAGYHUTA,POP_15-64_2020,53
HU HOBO,NAGYHUTA,POP_above_65_2020,7
HU HOBO,NAGYKINIZS,POP_0-14_2020,72
HU HOBO,NAGYKINIZS,POP_15-64_2020,172
HU HOBO,NAGYKINIZS,POP_above_65_2020,41
HU HOBO,Nižná Hutka,POP_0-14_2020,75
HU HOBO,Nižná Hutka,POP_15-64_2020,450
HU HOBO,Nižná Hutka,POP_above_65_2020,97
HU HOBO,Nižná Myšľa,POP_0-14_2020,361
HU HOBO,Nižná Myšľa,POP_15-64_2020,1153
HU HOBO,Nižná Myšľa,POP_above_65_2020,178
HU HOBO,Nižný Čaj,POP_0-14_2020,41
HU HOBO,Nižný Čaj,POP_15-64_2020,198
HU HOBO,Nižný Čaj,POP_above_65_2020,41
HU HOBO,Nižný Žipov,POP_0-14_2020,320
HU HOBO,Nižný Žipov,POP_15-64_2020,972
HU HOBO,Nižný Žipov,POP_above_65_2020,171
HU HOBO,Novosad,POP_0-14_2020,143
HU HOBO,Novosad,POP_15-64_2020,703
HU HOBO,Novosad,POP_above_65_2020,150
HU HOBO,Nový Salaš,POP_0-14_2020,39
HU HOBO,Nový Salaš,POP_15-64_2020,154
HU HOBO,Nový Salaš,POP_above_65_2020,31
HU HOBO,NYÍRI,POP_0-14_2020,59
HU HOBO,NYÍRI,POP_15-64_2020,256
HU HOBO,NYÍRI,POP_above_65_2020,59
HU HOBO,Obišovce,POP_0-14_2020,89
HU HOBO,Obišovce,POP_15-64_2020,302
HU HOBO,Obišovce,POP_above_65_2020,85
HU HOBO,OLASZLISZKA,POP_0-14_2020,281
HU HOBO,OLASZLISZKA,POP_15-64_2020,1145
HU HOBO,OLASZLISZKA,POP_above_65_2020,283
HU HOBO,Olšovany,POP_0-14_2020,145
HU HOBO,Olšovany,POP_15-64_2020,456
HU HOBO,Olšovany,POP_above_65_2020,80
HU HOBO,PÁLHÁZA,POP_0-14_2020,122
HU HOBO,PÁLHÁZA,POP_15-64_2020,643
HU HOBO,PÁLHÁZA,POP_above_65_2020,235
HU HOBO,PÁNYOK,POP_0-14_2020,9
HU HOBO,PÁNYOK,POP_15-64_2020,73
HU HOBO,PÁNYOK,POP_above_65_2020,15
HU HOBO,PERE,POP_0-14_2020,65
HU HOBO,PERE,POP_15-64_2020,215
HU HOBO,PERE,POP_above_65_2020,38
HU HOBO,Plechotice,POP_0-14_2020,123
HU HOBO,Plechotice,POP_15-64_2020,512
HU HOBO,Plechotice,POP_above_65_2020,136
HU HOBO,PUSZTAFALU,POP_0-14_2020,18
HU HOBO,PUSZTAFALU,POP_15-64_2020,133
HU HOBO,PUSZTAFALU,POP_above_65_2020,51
HU HOBO,Rad,POP_0-14_2020,55
HU HOBO,Rad,POP_15-64_2020,354
HU HOBO,Rad,POP_above_65_2020,95
HU HOBO,RAKAMAZ,POP_0-14_2020,641
HU HOBO,RAKAMAZ,POP_15-64_2020,2672
HU HOBO,RAKAMAZ,POP_above_65_2020,904
HU HOBO,Rákoš,POP_0-14_2020,45
HU HOBO,Rákoš,POP_15-64_2020,272
HU HOBO,Rákoš,POP_above_65_2020,56
HU HOBO,RÁTKA,POP_0-14_2020,131
HU HOBO,RÁTKA,POP_15-64_2020,623
HU HOBO,RÁTKA,POP_above_65_2020,181
HU HOBO,REGÉC,POP_0-14_2020,10
HU HOBO,REGÉC,POP_15-64_2020,36
HU HOBO,REGÉC,POP_above_65_2020,17
HU HOBO,Ruskov,POP_0-14_2020,294
HU HOBO,Ruskov,POP_15-64_2020,1079
HU HOBO,Ruskov,POP_above_65_2020,242
HU HOBO,Sady nad Torysou,POP_0-14_2020,354
HU HOBO,Sady nad Torysou,POP_15-64_2020,1338
HU HOBO,Sady nad Torysou,POP_above_65_2020,277
HU HOBO,SÁRAZSADÁNY,POP_0-14_2020,42
HU HOBO,SÁRAZSADÁNY,POP_15-64_2020,156
HU HOBO,SÁRAZSADÁNY,POP_above_65_2020,32
HU HOBO,SÁROSPATAK,POP_0-14_2020,1370
HU HOBO,SÁROSPATAK,POP_15-64_2020,7283
HU HOBO,SÁROSPATAK,POP_above_65_2020,2638
HU HOBO,SÁTORALJAÚJHELY,POP_0-14_2020,1912
HU HOBO,SÁTORALJAÚJHELY,POP_15-64_2020,8618
HU HOBO,SÁTORALJAÚJHELY,POP_above_65_2020,3024
HU HOBO,Seňa,POP_0-14_2020,387
HU HOBO,Seňa,POP_15-64_2020,1442
HU HOBO,Seňa,POP_above_65_2020,310
HU HOBO,SIMA,POP_0-14_2020,1
HU HOBO,SIMA,POP_15-64_2020,30
HU HOBO,SIMA,POP_above_65_2020,13
HU HOBO,Sirník,POP_0-14_2020,66
HU HOBO,Sirník,POP_15-64_2020,396
HU HOBO,Sirník,POP_above_65_2020,105
HU HOBO,Skároš,POP_0-14_2020,204
HU HOBO,Skároš,POP_15-64_2020,781
HU HOBO,Skároš,POP_above_65_2020,141
HU HOBO,Slančík,POP_0-14_2020,30
HU HOBO,Slančík,POP_15-64_2020,138
HU HOBO,Slančík,POP_above_65_2020,37
HU HOBO,Slanec,POP_0-14_2020,272
HU HOBO,Slanec,POP_15-64_2020,1054
HU HOBO,Slanec,POP_above_65_2020,196
HU HOBO,Slanská Huta,POP_0-14_2020,43
HU HOBO,Slanská Huta,POP_15-64_2020,165
HU HOBO,Slanská Huta,POP_above_65_2020,39
HU HOBO,Slanské Nové Mesto,POP_0-14_2020,52
HU HOBO,Slanské Nové Mesto,POP_15-64_2020,334
HU HOBO,Slanské Nové Mesto,POP_above_65_2020,87
HU HOBO,Slivník,POP_0-14_2020,105
HU HOBO,Slivník,POP_15-64_2020,502
HU HOBO,Slivník,POP_above_65_2020,157
HU HOBO,Slovenské Nové Mesto,POP_0-14_2020,186
HU HOBO,Slovenské Nové Mesto,POP_15-64_2020,749
HU HOBO,Slovenské Nové Mesto,POP_above_65_2020,162
HU HOBO,Sokoľ,POP_0-14_2020,240
HU HOBO,Sokoľ,POP_15-64_2020,861
HU HOBO,Sokoľ,POP_above_65_2020,158
HU HOBO,Sokoľany,POP_0-14_2020,314
HU HOBO,Sokoľany,POP_15-64_2020,887
HU HOBO,Sokoľany,POP_above_65_2020,173
HU HOBO,Somotor,POP_0-14_2020,167
HU HOBO,Somotor,POP_15-64_2020,971
HU HOBO,Somotor,POP_above_65_2020,247
HU HOBO,SÓSTÓFALVA,POP_0-14_2020,33
HU HOBO,SÓSTÓFALVA,POP_15-64_2020,136
HU HOBO,SÓSTÓFALVA,POP_above_65_2020,33
HU HOBO,Stanča,POP_0-14_2020,75
HU HOBO,Stanča,POP_15-64_2020,257
HU HOBO,Stanča,POP_above_65_2020,76
HU HOBO,Streda nad Bodrogom,POP_0-14_2020,260
HU HOBO,Streda nad Bodrogom,POP_15-64_2020,1546
HU HOBO,Streda nad Bodrogom,POP_above_65_2020,401
HU HOBO,Svätá Mária,POP_0-14_2020,48
HU HOBO,Svätá Mária,POP_15-64_2020,388
HU HOBO,Svätá Mária,POP_above_65_2020,111
HU HOBO,SZEGI,POP_0-14_2020,25
HU HOBO,SZEGI,POP_15-64_2020,205
HU HOBO,SZEGI,POP_above_65_2020,32
HU HOBO,SZEGILONG,POP_0-14_2020,34
HU HOBO,SZEGILONG,POP_15-64_2020,143
HU HOBO,SZEGILONG,POP_above_65_2020,31
HU HOBO,SZENTISTVÁNBAKSA,POP_0-14_2020,38
HU HOBO,SZENTISTVÁNBAKSA,POP_15-64_2020,166
HU HOBO,SZENTISTVÁNBAKSA,POP_above_65_2020,53
HU HOBO,SZERENCS,POP_0-14_2020,1009
HU HOBO,SZERENCS,POP_15-64_2020,5220
HU HOBO,SZERENCS,POP_above_65_2020,2244
HU HOBO,TÁLLYA,POP_0-14_2020,196
HU HOBO,TÁLLYA,POP_15-64_2020,1105
HU HOBO,TÁLLYA,POP_above_65_2020,345
HU HOBO,TARCAL,POP_0-14_2020,416
HU HOBO,TARCAL,POP_15-64_2020,1833
HU HOBO,TARCAL,POP_above_65_2020,526
HU HOBO,TELKIBÁNYA,POP_0-14_2020,45
HU HOBO,TELKIBÁNYA,POP_15-64_2020,383
HU HOBO,TELKIBÁNYA,POP_above_65_2020,121
HU HOBO,TISZALADÁNY,POP_0-14_2020,94
HU HOBO,TISZALADÁNY,POP_15-64_2020,402
HU HOBO,TISZALADÁNY,POP_above_65_2020,126
HU HOBO,TISZANAGYFALU,POP_0-14_2020,267
HU HOBO,TISZANAGYFALU,POP_15-64_2020,1156
HU HOBO,TISZANAGYFALU,POP_above_65_2020,342
HU HOBO,TOKAJ,POP_0-14_2020,457
HU HOBO,TOKAJ,POP_15-64_2020,2422
HU HOBO,TOKAJ,POP_above_65_2020,971
HU HOBO,TOLCSVA,POP_0-14_2020,198
HU HOBO,TOLCSVA,POP_15-64_2020,1121
HU HOBO,TOLCSVA,POP_above_65_2020,317
HU HOBO,TORNYOSNÉMETI,POP_0-14_2020,55
HU HOBO,TORNYOSNÉMETI,POP_15-64_2020,396
HU HOBO,TORNYOSNÉMETI,POP_above_65_2020,84
HU HOBO,Trebejov,POP_0-14_2020,25
HU HOBO,Trebejov,POP_15-64_2020,139
HU HOBO,Trebejov,POP_above_65_2020,44
HU HOBO,Trebišov,POP_0-14_2020,4795
HU HOBO,Trebišov,POP_15-64_2020,16651
HU HOBO,Trebišov,POP_above_65_2020,3100
HU HOBO,Trstené pri Hornáde,POP_0-14_2020,244
HU HOBO,Trstené pri Hornáde,POP_15-64_2020,1097
HU HOBO,Trstené pri Hornáde,POP_above_65_2020,215
HU HOBO,VÁGÁSHUTA,POP_0-14_2020,7
HU HOBO,VÁGÁSHUTA,POP_15-64_2020,83
HU HOBO,VÁGÁSHUTA,POP_above_65_2020,11
HU HOBO,VAJDÁCSKA,POP_0-14_2020,218
HU HOBO,VAJDÁCSKA,POP_15-64_2020,841
HU HOBO,VAJDÁCSKA,POP_above_65_2020,207
HU HOBO,Valaliky,POP_0-14_2020,854
HU HOBO,Valaliky,POP_15-64_2020,3225
HU HOBO,Valaliky,POP_above_65_2020,526
HU HOBO,VÁMOSÚJFALU,POP_0-14_2020,80
HU HOBO,VÁMOSÚJFALU,POP_15-64_2020,450
HU HOBO,VÁMOSÚJFALU,POP_above_65_2020,161
HU HOBO,Veľaty,POP_0-14_2020,115
HU HOBO,Veľaty,POP_15-64_2020,530
HU HOBO,Veľaty,POP_above_65_2020,155
HU HOBO,Veľká Lodina,POP_0-14_2020,58
HU HOBO,Veľká Lodina,POP_15-64_2020,225
HU HOBO,Veľká Lodina,POP_above_65_2020,29
HU HOBO,Veľká Tŕňa,POP_0-14_2020,71
HU HOBO,Veľká Tŕňa,POP_15-64_2020,292
HU HOBO,Veľká Tŕňa,POP_above_65_2020,90
HU HOBO,Veľký Kamenec,POP_0-14_2020,89
HU HOBO,Veľký Kamenec,POP_15-64_2020,522
HU HOBO,Veľký Kamenec,POP_above_65_2020,141
HU HOBO,VILMÁNY,POP_0-14_2020,381
HU HOBO,VILMÁNY,POP_15-64_2020,934
HU HOBO,VILMÁNY,POP_above_65_2020,105
HU HOBO,VILYVITÁNY,POP_0-14_2020,26
HU HOBO,VILYVITÁNY,POP_15-64_2020,167
HU HOBO,VILYVITÁNY,POP_above_65_2020,51
HU HOBO,Viničky,POP_0-14_2020,75
HU HOBO,Viničky,POP_15-64_2020,329
HU HOBO,Viničky,POP_above_65_2020,84
HU HOBO,VIZSOLY,POP_0-14_2020,193
HU HOBO,VIZSOLY,POP_15-64_2020,504
HU HOBO,VIZSOLY,POP_above_65_2020,98
HU HOBO,Vyšná Hutka,POP_0-14_2020,86
HU HOBO,Vyšná Hutka,POP_15-64_2020,358
HU HOBO,Vyšná Hutka,POP_above_65_2020,73
HU HOBO,Vyšná Myšľa,POP_0-14_2020,147
HU HOBO,Vyšná Myšľa,POP_15-64_2020,647
HU HOBO,Vyšná Myšľa,POP_above_65_2020,181
HU HOBO,Vyšný Čaj,POP_0-14_2020,51
HU HOBO,Vyšný Čaj,POP_15-64_2020,166
HU HOBO,Vyšný Čaj,POP_above_65_2020,52
HU HOBO,ZALKOD,POP_0-14_2020,26
HU HOBO,ZALKOD,POP_15-64_2020,99
HU HOBO,ZALKOD,POP_above_65_2020,65
HU HOBO,Ždaňa,POP_0-14_2020,245
HU HOBO,Ždaňa,POP_15-64_2020,965
HU HOBO,Ždaňa,POP_above_65_2020,202
HU HOBO,Zemplín,POP_0-14_2020,56
HU HOBO,Zemplín,POP_15-64_2020,253
HU HOBO,Zemplín,POP_above_65_2020,55
HU HOBO,Zemplínska Nová Ves,POP_0-14_2020,140
HU HOBO,Zemplínska Nová Ves,POP_15-64_2020,574
HU HOBO,Zemplínska Nová Ves,POP_above_65_2020,151
HU HOBO,Zemplínska Teplica,POP_0-14_2020,459
HU HOBO,Zemplínska Teplica,POP_15-64_2020,1139
HU HOBO,Zemplínska Teplica,POP_above_65_2020,201
HU HOBO,Zemplínske Hradište,POP_0-14_2020,143
HU HOBO,Zemplínske Hradište,POP_15-64_2020,769
HU HOBO,Zemplínske Hradište,POP_above_65_2020,235
HU HOBO,Zemplínske Jastrabie,POP_0-14_2020,91
HU HOBO,Zemplínske Jastrabie,POP_15-64_2020,459
HU HOBO,Zemplínske Jastrabie,POP_above_65_2020,105
HU HOBO,Zemplínsky Branč,POP_0-14_2020,83
HU HOBO,Zemplínsky Branč,POP_15-64_2020,354
HU HOBO,Zemplínsky Branč,POP_above_65_2020,75
HU HOBO,ZSUJTA,POP_0-14_2020,10
HU HOBO,ZSUJTA,POP_15-64_2020,114
HU HOBO,ZSUJTA,POP_above_65_2020,34
HU HOBO,NULL,POP_0-14_2020,
HU HOBO,NULL,POP_15-64_2020,
HU HOBO,NULL,POP_above_65_2020,
