nam,objectid,min,nm4,status_en,further_use_en,poznamka,geom
Babský potok,2824,284.1881109,Viničky,"modified (overlay, landscaping, etc.)",reclamation,"Skládka KO vznikla v roku 1995 a bola prevádzkovaná za osobitných podmienok do roku 1992. Skládka slúžila pre skládkovanie odpadov obce Viničky. Rekultivačné práce boli vykonané podľa Projektu v roku 2005, ktorý dala vypracovať obec Vini",0104000020E61000000100000001010000008031DFC407C13540D07A59C97D334840
Barský potok,1382,994.7001597,Bara,abandoned landfill without overburden (illegal landfill),reclamation,Stará neriadená skládka.,0104000020E610000001000000010100000090F15DF4DCB6354078486F5A5E374840
Barský potok,2009,258.9348088,Bara,abandoned landfill without overburden (illegal landfill),disposal,Stará neriadená skládka.,0104000020E610000001000000010100000020CF1B1F94BA35400846C16D9C354840
Barský potok,2199,344.9031816,Černochov,abandoned landfill without overburden (illegal landfill),reclamation,Stará neriadená skládka.,0104000020E6100000010000000101000000A0C8A1F26DBB3540101E5FA8A7374840
Baštianský potok,12053,203.4541113,Košice-Západ,operating landfill,further use,Skládka na nebezpečný odpad. Prevádzkovateľ skládky: V.O.D.S. - Eko a.s. Košice. Rok ukončenia skládky nie je v IPKZ povolení uvedený.,0104000020E6100000010000000101000000E0173135073935400851AC2AA6594840
Belziansky potok,164,567.3210959,Seňa,abandoned landfill without overburden (illegal landfill),disposal,Stará neriadená skládka - ponechaná. V roku 2020 neboli zaznamenané zmeny.,0104000020E610000001000000010100000010CCD3BEDB473540300D4636E1474840
Belziansky potok,1268,53.1179631,Haniska,abandoned landfill without overburden (illegal landfill),disposal,Stará neriadená skládka - ponechaná. V roku 2020 neboli zaznamenané zmeny.,0104000020E610000001000000010100000090E4099600423540A8953C1DD64E4840
Belziansky potok,1269,42.26290733,Haniska,abandoned landfill without overburden (illegal landfill),n/a,Stará neriadená skládka - ponechaná. V roku 2020 neboli zaznamenané zmeny.,0104000020E6100000010000000101000000A06C70ED07413540B0A523FAE14F4840
Belziansky potok,1270,39.75125045,Haniska,abandoned landfill without overburden (illegal landfill),disposal,Stará neriadená skládka - ponechaná. V roku 2020 neboli zaznamenané zmeny.,0104000020E6100000010000000101000000306FA516CB40354080D54CBC584F4840
Belziansky potok,2095,406.2707719,Kechnec,abandoned landfill without overburden (illegal landfill),n/a,Stará neriadená skládka - ponechaná. V roku 2020 neboli zaznamenané zmeny.,0104000020E610000001000000010100000030ED699B23463540883ACE35D8454840
Belziansky potok,2096,416.1322229,Kechnec,abandoned landfill without overburden (illegal landfill),disposal,Stará neriadená skládka - ponechaná. V roku 2020 neboli zaznamenané zmeny.,0104000020E6100000010000000101000000F031C1781F463540F8A03EA1D5454840
Belžiansky potok,1269,962.0846735,Haniska,abandoned landfill without overburden (illegal landfill),n/a,Stará neriadená skládka - ponechaná. V roku 2020 neboli zaznamenané zmeny.,0104000020E6100000010000000101000000A06C70ED07413540B0A523FAE14F4840
Belžiansky potok,1895,559.6018963,Sokoľany,abandoned landfill without overburden (illegal landfill),n/a,Stará neriadená skládka - ponechaná. V roku 2020 neboli zaznamenané zmeny.,0104000020E6100000010000000101000000B049433C7B3B3540D0CA421D914E4840
Belžiansky potok,2095,463.977682,Kechnec,abandoned landfill without overburden (illegal landfill),n/a,Stará neriadená skládka - ponechaná. V roku 2020 neboli zaznamenané zmeny.,0104000020E610000001000000010100000030ED699B23463540883ACE35D8454840
Belžiansky potok,2096,473.6631532,Kechnec,abandoned landfill without overburden (illegal landfill),disposal,Stará neriadená skládka - ponechaná. V roku 2020 neboli zaznamenané zmeny.,0104000020E6100000010000000101000000F031C1781F463540F8A03EA1D5454840
Bodrog,1386,510.9480126,Borša,abandoned landfill without overburden (illegal landfill),reclamation,"Na skládku sa naďalej vyváža odpad. Skládka sa nachádza v CHKO Latorica a v CHVÚ Medzibodrožie o ploche celkom 5000 m2, sa nachádzajú 4 skládky prevažne KO, na ktoré boli vyvezené aj výkopové zeminy, stavebný odpad a pod. Sanačné prác",0104000020E6100000010000000101000000B03F4844E8B43540F8A17EF6E7314840
Bodrog,1387,522.9460441,Borša,abandoned landfill without overburden (illegal landfill),n/a,Stará neriadená skládka.,0104000020E6100000010000000101000000E09F0202CBB53540B03D0B9300324840
Bodrog,1388,334.0945504,Borša,abandoned landfill without overburden (illegal landfill),disposal,Stará neriadená skládka.,0104000020E610000001000000010100000090EBA26C3AB33540E027B35349314840
Bodrog,2371,837.3050274,Zemplín,"modified (overlay, landscaping, etc.)",reclamation,Skláídka KO bola rekultivovaná v roku 2007 podľa vypracovaného Projektu. Skládka má vybudované 2 plynové studne a monitorovací sysrém. Monitoring sa vykonáva raz za 3 roky. V okolí skládky sa nachádza poľnohospodársky obrábaná pôda.,0104000020E610000001000000010100000080FFD8BEDCCD3540D8609EBEB3384840
Bodrog,2401,33.01366004,Ladmovce,"modified (overlay, landscaping, etc.)",reclamation,Monitoring raz za 3 roky.,0104000020E610000001000000010100000010789A8523C8354030C160A689344840
Bodrog,2824,734.0135163,Viničky,"modified (overlay, landscaping, etc.)",reclamation,"Skládka KO vznikla v roku 1995 a bola prevádzkovaná za osobitných podmienok do roku 1992. Skládka slúžila pre skládkovanie odpadov obce Viničky. Rekultivačné práce boli vykonané podľa Projektu v roku 2005, ktorý dala vypracovať obec Vini",0104000020E61000000100000001010000008031DFC407C13540D07A59C97D334840
Bohdanovský potok,1651,378.999385,Bohdanovce,abandoned landfill without overburden (illegal landfill),n/a,Stará neriadená skládka - ponechaná. V roku 2020 neboli zaznamenané zmeny.,0104000020E6100000010000000101000000004F4CB1FF68354020EC794309544840
Bohdanovský potok,1652,235.5714606,Bohdanovce,abandoned landfill without overburden (illegal landfill),disposal,Stará neriadená skládka - ponechaná. V roku 2020 neboli zaznamenané zmeny.,0104000020E6100000010000000101000000D0750AF4B4673540901067B06F534840
Bohdanovský potok,1653,230.9692085,Bohdanovce,"modified (overlay, landscaping, etc.)",n/a,Skládka TKO. V roku 2020 neboli zaznamenané zmeny.,0104000020E610000001000000010100000000891648EC69354038E63B86F4524840
Boršiansky potok,1382,991.9499445,Bara,abandoned landfill without overburden (illegal landfill),reclamation,Stará neriadená skládka.,0104000020E610000001000000010100000090F15DF4DCB6354078486F5A5E374840
Boršiansky potok,1386,228.5125682,Borša,abandoned landfill without overburden (illegal landfill),reclamation,"Na skládku sa naďalej vyváža odpad. Skládka sa nachádza v CHKO Latorica a v CHVÚ Medzibodrožie o ploche celkom 5000 m2, sa nachádzajú 4 skládky prevažne KO, na ktoré boli vyvezené aj výkopové zeminy, stavebný odpad a pod. Sanačné prác",0104000020E6100000010000000101000000B03F4844E8B43540F8A17EF6E7314840
Boršiansky potok,1387,34.25139156,Borša,abandoned landfill without overburden (illegal landfill),n/a,Stará neriadená skládka.,0104000020E6100000010000000101000000E09F0202CBB53540B03D0B9300324840
Boršiansky potok,1388,636.0800734,Borša,abandoned landfill without overburden (illegal landfill),disposal,Stará neriadená skládka.,0104000020E610000001000000010100000090EBA26C3AB33540E027B35349314840
Boršiansky potok,1690,489.6923359,Slovenské Nové Mesto,abandoned landfill without overburden (illegal landfill),disposal,Stará neriadená skládka.,0104000020E61000000100000001010000004099004F9CB23540685490419C374840
Boršiansky potok,3585,353.8824433,Slovenské Nové Mesto,abandoned landfill without overburden (illegal landfill),disposal,Stará neriadená skládka.,0104000020E610000001000000010100000090258B5901B2354010693DB18B374840
Bradliansky potok,1652,990.1693164,Bohdanovce,abandoned landfill without overburden (illegal landfill),disposal,Stará neriadená skládka - ponechaná. V roku 2020 neboli zaznamenané zmeny.,0104000020E6100000010000000101000000D0750AF4B4673540901067B06F534840
Bradliansky potok,1653,816.9047697,Bohdanovce,"modified (overlay, landscaping, etc.)",n/a,Skládka TKO. V roku 2020 neboli zaznamenané zmeny.,0104000020E610000001000000010100000000891648EC69354038E63B86F4524840
Bradlový potok,2244,878.3843375,Slanec,abandoned landfill without overburden (illegal landfill),disposal,Stará neriadená skládka - ponechaná. V roku 2020 neboli zaznamenané zmeny.,0104000020E6100000010000000101000000600BDABBF17D354098F051DAF6514840
Bradlový potok,2245,156.3226267,Slanec,abandoned landfill without overburden (illegal landfill),n/a,Stará neriadená skládka - ponechaná. V roku 2020 neboli zaznamenané zmeny.,0104000020E6100000010000000101000000F0D045EA0D7A3540B8F9D3D4DF504840
Bradlový potok,2246,912.439387,Slanec,abandoned landfill without overburden (illegal landfill),disposal,Stará neriadená skládka - ponechaná. V roku 2020 neboli zaznamenané zmeny.,0104000020E610000001000000010100000090246CA57B7B354048C3CC25B2514840
Bysta,2817,748.2388898,Kazimír,abandoned landfill without overburden (illegal landfill),n/a,Stará neriadená skládka.,0104000020E610000001000000010100000020AC98B423943540281FEEFCF8424840
Byšta,2817,755.7075658,Kazimír,abandoned landfill without overburden (illegal landfill),n/a,Stará neriadená skládka.,0104000020E610000001000000010100000020AC98B423943540281FEEFCF8424840
Čapliny,2903,912.0987552,Trebišov,abandoned landfill without overburden (illegal landfill),reclamation,Stará neriadená skládka.,0104000020E6100000010000000101000000D05C1006A8BC3540B0C4D045DE4C4840
Cejkovský potok,1669,590.7752568,Cejkov,abandoned landfill without overburden (illegal landfill),reclamation,Stará neriadená skládka.,0104000020E6100000010000000101000000F09A00058FC33540304D1807763C4840
Cejkovský potok,1966,246.436708,Cejkov,abandoned landfill without overburden (illegal landfill),disposal,Stará neriadená skládka.,0104000020E6100000010000000101000000F07A2A93D9C03540F03496A6443B4840
Cejkovský potok,2012,89.16761467,Cejkov,abandoned landfill without overburden (illegal landfill),disposal,Stará neriadená skládka.,0104000020E6100000010000000101000000D0EAF85DC8BF3540F8682F17BB3A4840
Cejkovský potok,2013,148.5990652,Cejkov,abandoned landfill without overburden (illegal landfill),disposal,Stará neriadená skládka.,0104000020E6100000010000000101000000D0A0DB0445C6354030C50F47F73A4840
Cejkovský potok,2477,13.39101784,Cejkov,abandoned landfill without overburden (illegal landfill),reclamation,Stará neriadená skládka. Skládka KO vznikla v roku 1970. V minulosti sa na skládku vyvážal odpad z obce. V súčastnosti je skládka ohradená. Sančné práce sú v štádiu prípravy.,0104000020E6100000010000000101000000502B386821C43540F04ED8C7C83B4840
Cejkovský potok,2478,214.4213334,Cejkov,abandoned landfill without overburden (illegal landfill),disposal,Stará neriadená skládka.,0104000020E610000001000000010100000010210E7C86C5354050B9F71AC93B4840
Čeriacky kanál,2903,945.0185955,Trebišov,abandoned landfill without overburden (illegal landfill),reclamation,Stará neriadená skládka.,0104000020E6100000010000000101000000D05C1006A8BC3540B0C4D045DE4C4840
Čermeľský potok,7487,329.6274339,Košice-Sever,abandoned landfill without overburden (illegal landfill),disposal,Stará neriadená skládka.,0104000020E6100000010000000101000000B098B3D9393D354020DC34885F5F4840
Čermeľský potok,7607,885.923089,Košice-Sever,abandoned landfill without overburden (illegal landfill),reclamation,Stará neriadená skládka.,0104000020E6100000010000000101000000C05F57F6D1293540E0CE2A4588634840
Chlmec,1222,326.0721248,Slanské Nové Mesto,transferred (taken away),n/a,Skládka je na hranici katastra.,0104000020E6100000010000000101000000909D3A0DD38C3540208658956E514840
Chlmec,1484,41.96638764,Zemplínska Nová Ves,abandoned landfill without overburden (illegal landfill),n/a,Stará neriadená skládka.,0104000020E61000000100000001010000005070F8E42EAC3540C048A99D84464840
Chlmec,1912,829.564984,Kožuchov,abandoned landfill without overburden (illegal landfill),disposal,Stará neriadená skládka.,0104000020E6100000010000000101000000500E8FFF2DBA3540E847A288A6484840
Chlmec,1955,400.7586759,Kožuchov,abandoned landfill without overburden (illegal landfill),disposal,Stará neriadená skládka.,0104000020E610000001000000010100000060D6501968BA3540508660780C484840
Chlmec,2174,466.3374093,Egreš,abandoned landfill without overburden (illegal landfill),reclamation,Stará neriadená skládka.,0104000020E6100000010000000101000000C0264178E79C3540004CA1DFF64E4840
Čičkovský potok,12053,89.89136368,Košice-Západ,operating landfill,further use,Skládka na nebezpečný odpad. Prevádzkovateľ skládky: V.O.D.S. - Eko a.s. Košice. Rok ukončenia skládky nie je v IPKZ povolení uvedený.,0104000020E6100000010000000101000000E0173135073935400851AC2AA6594840
Čičkovský potok,12054,756.4219934,Košice-Sever,operating landfill,further use,NULL,0104000020E610000001000000010100000020952FC3DA3635406047D693D95E4840
Číža,1223,893.8568226,Zemplínska Teplica,abandoned landfill without overburden (illegal landfill),disposal,Stará neriadená skládka.,0104000020E6100000010000000101000000F0B35F1E02923540C8E4C6C743534840
Číža,2174,134.5432531,Egreš,abandoned landfill without overburden (illegal landfill),reclamation,Stará neriadená skládka.,0104000020E6100000010000000101000000C0264178E79C3540004CA1DFF64E4840
Čížsky potok,2422,609.6766287,Nižný Žipov,abandoned landfill without overburden (illegal landfill),n/a,Stará neriadená skládka.,0104000020E6100000010000000101000000F06416922D9F3540508950B1D9494840
Črmel,7487,232.5306408,Košice-Sever,abandoned landfill without overburden (illegal landfill),disposal,Stará neriadená skládka.,0104000020E6100000010000000101000000B098B3D9393D354020DC34885F5F4840
Črmel,7607,1.90383972,Košice-Sever,abandoned landfill without overburden (illegal landfill),reclamation,Stará neriadená skládka.,0104000020E6100000010000000101000000C05F57F6D1293540E0CE2A4588634840
Črmeľ,7607,452.1728545,Košice-Sever,abandoned landfill without overburden (illegal landfill),reclamation,Stará neriadená skládka.,0104000020E6100000010000000101000000C05F57F6D1293540E0CE2A4588634840
Čuhovský potok,1256,308.3651554,Rákoš,abandoned landfill without overburden (illegal landfill),disposal,Stará neriadená skládka - ponechaná. V roku 2020 neboli zaznamenané zmeny.,0104000020E6100000010000000101000000C01E49ACB96C3540508891DC1C524840
Drienovec,2464,900.8333396,Trebišov,abandoned landfill without overburden (illegal landfill),n/a,Priemyselná skládka sa nevyužívala a ani nebude.,0104000020E61000000100000001010000004028B65C5FB8354010602832C3524840
Drienovec,2465,954.254415,Trebišov,abandoned landfill without overburden (illegal landfill),n/a,Priemyselná skládka sa nevyužívala a ani nebude.,0104000020E6100000010000000101000000F074ED66A1B835400070BC0D3A524840
Drieňovec,2464,730.0633159,Trebišov,abandoned landfill without overburden (illegal landfill),n/a,Priemyselná skládka sa nevyužívala a ani nebude.,0104000020E61000000100000001010000004028B65C5FB8354010602832C3524840
Drieňovec,2465,517.6860504,Trebišov,abandoned landfill without overburden (illegal landfill),n/a,Priemyselná skládka sa nevyužívala a ani nebude.,0104000020E6100000010000000101000000F074ED66A1B835400070BC0D3A524840
Garbovský potok,1256,203.8498781,Rákoš,abandoned landfill without overburden (illegal landfill),disposal,Stará neriadená skládka - ponechaná. V roku 2020 neboli zaznamenané zmeny.,0104000020E6100000010000000101000000C01E49ACB96C3540508891DC1C524840
Garbovský potok,1652,908.9518321,Bohdanovce,abandoned landfill without overburden (illegal landfill),disposal,Stará neriadená skládka - ponechaná. V roku 2020 neboli zaznamenané zmeny.,0104000020E6100000010000000101000000D0750AF4B4673540901067B06F534840
Garbovský potok,1653,397.3194049,Bohdanovce,"modified (overlay, landscaping, etc.)",n/a,Skládka TKO. V roku 2020 neboli zaznamenané zmeny.,0104000020E610000001000000010100000000891648EC69354038E63B86F4524840
Holubnica,707,13.54559049,Sady nad Torysou,abandoned landfill without overburden (illegal landfill),disposal,Stará neriadená skládka - ponechaná. V roku 2020 neboli zaznamenané zmeny.,0104000020E6100000010000000101000000E0BE78ED6F593540104FEFAF8C5A4840
Holubnica,708,27.00676801,Košická Polianka,abandoned landfill without overburden (illegal landfill),n/a,Stará neriadená skládka - ponechaná. V roku 2020 neboli zaznamenané zmeny.,0104000020E6100000010000000101000000503E37208158354058830C5E205A4840
Hornád,583,123.4442297,Trebejov,abandoned landfill without overburden (illegal landfill),disposal,Stará neriadená skládka - ponechaná. V roku 2020 neboli zaznamenané zmeny.,0104000020E610000001000000010100000000AB7EDAE53735408037F4BB956A4840
Hornád,1133,360.6228106,Nižná Myšľa,abandoned landfill without overburden (illegal landfill),n/a,Stará neriadená skládka - ponechaná. V roku 2020 neboli zaznamenané zmeny.,0104000020E6100000010000000101000000106AE5566F5B3540C8E94C90474E4840
Hornád,1134,215.5729356,Nižná Myšľa,abandoned landfill without overburden (illegal landfill),disposal,Stará neriadená skládka - ponechaná. V roku 2020 neboli zaznamenané zmeny.,0104000020E61000000100000001010000001098708A3C5A3540882DCDB2C94D4840
Hornád,1180,826.0556601,Ždaňa,abandoned landfill without overburden (illegal landfill),disposal,Stará neriadená skládka - ponechaná. V roku 2020 neboli zaznamenané zmeny.,0104000020E6100000010000000101000000F07AE2066A59354020EC05ED754C4840
Hornád,1266,147.7803479,Nižná Myšľa,abandoned landfill without overburden (illegal landfill),disposal,Stará neriadená skládka - ponechaná. V roku 2020 neboli zaznamenané zmeny.,0104000020E610000001000000010100000030D588AA29553540707E8EBF8F524840
Hornád,1272,93.19906206,Nižná Myšľa,abandoned landfill without overburden (illegal landfill),disposal,Stará neriadená skládka - ponechaná. V roku 2020 neboli zaznamenané zmeny.,0104000020E6100000010000000101000000C07DA201A85B3540A80141F599504840
Hornád,1273,892.4406378,Nižná Myšľa,abandoned landfill without overburden (illegal landfill),n/a,Stará neriadená skládka - ponechaná. V roku 2020 neboli zaznamenané zmeny.,0104000020E61000000100000001010000006009BB3A5D5E3540182DE8D946504840
Hornád,1297,195.0088282,Trstené pri Hornáde,abandoned landfill without overburden (illegal landfill),disposal,Stará neriadená skládka - ponechaná.,0104000020E6100000010000000101000000F020EE450F53354010B9DC77844B4840
Hornád,1298,149.5269965,Trstené pri Hornáde,"modified (overlay, landscaping, etc.)",n/a,V roku 2020 neboli zaznamenané zmeny.,0104000020E61000000100000001010000001026075196543540C04A2891C5494840
Hornád,1299,128.6630434,Trstené pri Hornáde,abandoned landfill without overburden (illegal landfill),disposal,Stará neriadená skládka - ponechaná. V roku 2020 neboli zaznamenané zmeny.,0104000020E61000000100000001010000000065327AC053354050ABFC6050484840
Hornád,1783,929.44595,Sokoľ,abandoned landfill without overburden (illegal landfill),n/a,Stará neriadená skládka - ponechaná. V roku 2020 neboli zaznamenané zmeny.,0104000020E610000001000000010100000010651594F436354008C94D6A2E684840
Hornád,1989,455.5053204,Ždaňa,abandoned landfill without overburden (illegal landfill),disposal,Stará neriadená skládka - ponechaná. V roku 2020 neboli zaznamenané zmeny.,0104000020E6100000010000000101000000E0955F0B1C58354068521952C74C4840
Hornád,2034,589.9606548,Kostoľany nad Hornádom,abandoned landfill without overburden (illegal landfill),disposal,Stará neriadená skládka - ponechaná. V roku 2020 neboli zaznamenané zmeny.,0104000020E610000001000000010100000070EC26265F3E3540606835C4FB644840
Hornád,2035,65.26864401,Kostoľany nad Hornádom,abandoned landfill without overburden (illegal landfill),n/a,Stará neriadená skládka - ponechaná. V roku 2020 neboli zaznamenané zmeny.,0104000020E610000001000000010100000010E997C59A3C3540309CB4DB74664840
Hornád,2062,29.66533088,Kostoľany nad Hornádom,abandoned landfill without overburden (illegal landfill),disposal,Stará neriadená skládka - ponechaná. V roku 2020 neboli zaznamenané zmeny.,0104000020E6100000010000000101000000E0A41B2EE03C35406875FA2D79664840
Hornád,2064,524.2299633,Družstevná pri Hornáde,abandoned landfill without overburden (illegal landfill),n/a,Stará neriadená skládka - ponechaná. V roku 2020 neboli zaznamenané zmeny.,0104000020E6100000010000000101000000701A394ADF423540B8E460BF72654840
Hornád,2065,371.4795667,Družstevná pri Hornáde,abandoned landfill without overburden (illegal landfill),n/a,Stará neriadená skládka - ponechaná. V roku 2020 neboli zaznamenané zmeny.,0104000020E6100000010000000101000000F03310334A42354060358BF47B654840
Hornád,2091,65.57814409,Sokoľ,abandoned landfill without overburden (illegal landfill),disposal,Stará neriadená skládka - ponechaná. V roku 2020 neboli zaznamenané zmeny.,0104000020E6100000010000000101000000A0955249FD39354030E8D0CB23684840
Hornád,2092,343.9486388,Sokoľ,abandoned landfill without overburden (illegal landfill),disposal,Stará neriadená skládka - ponechaná. V roku 2020 neboli zaznamenané zmeny.,0104000020E6100000010000000101000000E064290606393540E8D2B921D4674840
Hornád,2314,95.5393251,Družstevná pri Hornáde,abandoned landfill without overburden (illegal landfill),n/a,Stará neriadená skládka - ponechaná. V roku 2020 neboli zaznamenané zmeny.,0104000020E6100000010000000101000000502828452B3D354070686D94A1664840
Hornád,6343,22.71810412,Košice-Staré Mesto,abandoned landfill without overburden (illegal landfill),disposal,Stará neriadená skládka.,0104000020E6100000010000000101000000000C046E4E453540F8C904A85B5D4840
Hornád,8384,454.2121341,Košice-Ťahanovce,abandoned landfill without overburden (illegal landfill),disposal,Stará neriadená skládka.,0104000020E6100000010000000101000000E0B978CB9742354090C199EB76604840
Hornád,8385,281.0046398,Košice-Ťahanovce,abandoned landfill without overburden (illegal landfill),disposal,Stará neriadená skládka.,0104000020E6100000010000000101000000C01A824B16423540203805D151604840
Hornád,8386,426.7242588,Košice-Ťahanovce,abandoned landfill without overburden (illegal landfill),disposal,Stará neriadená skládka.,0104000020E6100000010000000101000000A04BCEE9AF42354088DD1CC038604840
Hrabovec,1256,965.1901627,Rákoš,abandoned landfill without overburden (illegal landfill),disposal,Stará neriadená skládka - ponechaná. V roku 2020 neboli zaznamenané zmeny.,0104000020E6100000010000000101000000C01E49ACB96C3540508891DC1C524840
Hrčeľský potok,1933,498.9736721,Veľaty,abandoned landfill without overburden (illegal landfill),disposal,Stará neriadená skládka.,0104000020E610000001000000010100000000D5245735AB354048A8227A31424840
Hrubša,2034,453.5968905,Kostoľany nad Hornádom,abandoned landfill without overburden (illegal landfill),disposal,Stará neriadená skládka - ponechaná. V roku 2020 neboli zaznamenané zmeny.,0104000020E610000001000000010100000070EC26265F3E3540606835C4FB644840
Hrubša,2035,450.6245904,Kostoľany nad Hornádom,abandoned landfill without overburden (illegal landfill),n/a,Stará neriadená skládka - ponechaná. V roku 2020 neboli zaznamenané zmeny.,0104000020E610000001000000010100000010E997C59A3C3540309CB4DB74664840
Hrubša,2062,400.9039592,Kostoľany nad Hornádom,abandoned landfill without overburden (illegal landfill),disposal,Stará neriadená skládka - ponechaná. V roku 2020 neboli zaznamenané zmeny.,0104000020E6100000010000000101000000E0A41B2EE03C35406875FA2D79664840
Hrubša,2064,699.457281,Družstevná pri Hornáde,abandoned landfill without overburden (illegal landfill),n/a,Stará neriadená skládka - ponechaná. V roku 2020 neboli zaznamenané zmeny.,0104000020E6100000010000000101000000701A394ADF423540B8E460BF72654840
Hrubša,2065,543.4070564,Družstevná pri Hornáde,abandoned landfill without overburden (illegal landfill),n/a,Stará neriadená skládka - ponechaná. V roku 2020 neboli zaznamenané zmeny.,0104000020E6100000010000000101000000F03310334A42354060358BF47B654840
Hrubša,2314,432.248139,Družstevná pri Hornáde,abandoned landfill without overburden (illegal landfill),n/a,Stará neriadená skládka - ponechaná. V roku 2020 neboli zaznamenané zmeny.,0104000020E6100000010000000101000000502828452B3D354070686D94A1664840
Ida,4599,334.591013,Košice-Šaca,abandoned landfill without overburden (illegal landfill),disposal,Stará neriadená skládka.,0104000020E6100000010000000101000000D087BF77B22C354080866D14244F4840
Ida,8430,181.4202333,Košice-Šaca,abandoned landfill without overburden (illegal landfill),disposal,Stará neriadená skládka.,0104000020E610000001000000010100000050869DDBE4283540A0506E991B524840
Izra,2817,358.2105147,Kazimír,abandoned landfill without overburden (illegal landfill),n/a,Stará neriadená skládka.,0104000020E610000001000000010100000020AC98B423943540281FEEFCF8424840
Jastrabský potok,1669,248.5541246,Cejkov,abandoned landfill without overburden (illegal landfill),reclamation,Stará neriadená skládka.,0104000020E6100000010000000101000000F09A00058FC33540304D1807763C4840
Jastrabský potok,2477,780.4221864,Cejkov,abandoned landfill without overburden (illegal landfill),reclamation,Stará neriadená skládka. Skládka KO vznikla v roku 1970. V minulosti sa na skládku vyvážal odpad z obce. V súčastnosti je skládka ohradená. Sančné práce sú v štádiu prípravy.,0104000020E6100000010000000101000000502B386821C43540F04ED8C7C83B4840
Jastrabský potok,2478,880.913856,Cejkov,abandoned landfill without overburden (illegal landfill),disposal,Stará neriadená skládka.,0104000020E610000001000000010100000010210E7C86C5354050B9F71AC93B4840
kanál Bodrog-Kamenec,1525,997.8346997,Streda nad Bodrogom,"modified (overlay, landscaping, etc.)",reclamation,Išlo o starú neriadenú skládku. Monitoring raz za 3 roky.,0104000020E610000001000000010100000010A233458DC83540E8302EDBA22D4840
kanál Bodrog-Kamenec,2563,584.6069817,Veľký Kamenec,abandoned landfill without overburden (illegal landfill),n/a,Stará neriadená skládka.,0104000020E6100000010000000101000000001FC39DEACA3540287582D0562D4840
Kľučiarovský potok,1256,248.1418825,Rákoš,abandoned landfill without overburden (illegal landfill),disposal,Stará neriadená skládka - ponechaná. V roku 2020 neboli zaznamenané zmeny.,0104000020E6100000010000000101000000C01E49ACB96C3540508891DC1C524840
Kľučiarovský potok,1653,585.6484922,Bohdanovce,"modified (overlay, landscaping, etc.)",n/a,Skládka TKO. V roku 2020 neboli zaznamenané zmeny.,0104000020E610000001000000010100000000891648EC69354038E63B86F4524840
Kopaný jarok,1956,933.2242612,Hraň,abandoned landfill without overburden (illegal landfill),disposal,Stará neriadená skládka.,0104000020E6100000010000000101000000B0945C3A70C73540B8879BF88F464840
Kopaný jarok,1957,847.2118778,Hraň,abandoned landfill without overburden (illegal landfill),disposal,Stará neriadená skládka.,0104000020E6100000010000000101000000A09AA922F2C73540089DAF7D74464840
Košariský potok,4921,379.6593666,Košice-Košická Nová Ves,abandoned landfill without overburden (illegal landfill),disposal,Stará neriadená skládka.,0104000020E6100000010000000101000000E0A2FF64DA4F3540F8A09357075E4840
Kuzmický potok,1520,138.1436375,Kuzmice,abandoned landfill without overburden (illegal landfill),reclamation,Stará neriadená skládka.,0104000020E6100000010000000101000000905BAB2EC1933540D823385BE4494840
Kuzmický potok,1605,14.37854553,Kuzmice,abandoned landfill without overburden (illegal landfill),disposal,Stará neriadená skládka.,0104000020E6100000010000000101000000003EB9BFDD903540B87C65F7474B4840
Kuzmický potok,1606,8.69874108,Kuzmice,abandoned landfill without overburden (illegal landfill),disposal,Stará neriadená skládka.,0104000020E6100000010000000101000000E0E67E424E9235404842C8D7B04A4840
Kuzmický potok,1607,2.90911326,Kuzmice,abandoned landfill without overburden (illegal landfill),reclamation,Stará neriadená skládka.,0104000020E6100000010000000101000000C08D7768D492354058F302AA474A4840
Kuzmický potok,3592,435.1249864,Kuzmice,abandoned landfill without overburden (illegal landfill),reclamation,Stará neriadená skládka.,0104000020E610000001000000010100000030084E85119335401056241244494840
Kuzmický potok,3667,636.3102937,Slivník,abandoned landfill without overburden (illegal landfill),n/a,Stará neriadená skládka.,0104000020E6100000010000000101000000608DE6474A8E35401823AA0EFE4B4840
Kuzmický potok,3668,802.8552842,Slivník,abandoned landfill without overburden (illegal landfill),disposal,Stará neriadená skládka.,0104000020E6100000010000000101000000D0B334BF3391354090855AD33C4C4840
Lebenský potok,1247,838.5054783,Vyšná Hutka,abandoned landfill without overburden (illegal landfill),n/a,Stará neriadená skládka - ponechaná. V roku 2020 neboli zaznamenané zmeny.,0104000020E6100000010000000101000000D0A4993DBC59354048B820608F564840
Lebenský potok,1891,470.5078487,Nižná Hutka,abandoned landfill without overburden (illegal landfill),disposal,Stará neriadená skládka - ponechaná. V roku 2020 neboli zaznamenané zmeny.,0104000020E610000001000000010100000040FBE58EDC5A354060DD01D61E554840
Lesný potok,7607,181.0691037,Košice-Sever,abandoned landfill without overburden (illegal landfill),reclamation,Stará neriadená skládka.,0104000020E6100000010000000101000000C05F57F6D1293540E0CE2A4588634840
Malokamenský kanál,1525,252.1664997,Streda nad Bodrogom,"modified (overlay, landscaping, etc.)",reclamation,Išlo o starú neriadenú skládku. Monitoring raz za 3 roky.,0104000020E610000001000000010100000010A233458DC83540E8302EDBA22D4840
Malokamenský kanál,2563,702.2686878,Veľký Kamenec,abandoned landfill without overburden (illegal landfill),n/a,Stará neriadená skládka.,0104000020E6100000010000000101000000001FC39DEACA3540287582D0562D4840
Malokamenský kanál,3133,979.0805386,Streda nad Bodrogom,"modified (overlay, landscaping, etc.)",n/a,Čiastočne alebo úplne rekultivovaná.,0104000020E610000001000000010100000040425E606DC13540A80F785B87304840
Malokamenský kanál,3313,787.1459508,Streda nad Bodrogom,"modified (overlay, landscaping, etc.)",n/a,Skládka KO čiastočne alebo úplne rekultivovaná. Skládka vznikla v roku 1970 a bola prevádzkovaná za osobitných podmienok do roku 1992. V okolí skládky sa nachádza poľnohospodársky využívaná pôda.,0104000020E6100000010000000101000000C068CC54A3C83540603D69D9C12F4840
Malokamenský kanál,3426,28.40271532,Streda nad Bodrogom,abandoned landfill without overburden (illegal landfill),disposal,Stará neriadená skládka.,0104000020E610000001000000010100000050A7DA20F3C53540186089EE362F4840
Marovka,1180,22.74352416,Ždaňa,abandoned landfill without overburden (illegal landfill),disposal,Stará neriadená skládka - ponechaná. V roku 2020 neboli zaznamenané zmeny.,0104000020E6100000010000000101000000F07AE2066A59354020EC05ED754C4840
Marovka,1989,138.0654443,Ždaňa,abandoned landfill without overburden (illegal landfill),disposal,Stará neriadená skládka - ponechaná. V roku 2020 neboli zaznamenané zmeny.,0104000020E6100000010000000101000000E0955F0B1C58354068521952C74C4840
Marovka,3025,362.6361064,Skároš,abandoned landfill without overburden (illegal landfill),n/a,Stará neriadená skládka - ponechaná. V roku 2020 neboli zaznamenané zmeny.,0104000020E6100000010000000101000000F0B065E09D623540706ACBE6554A4840
Mlynský náhon,6343,910.1704417,Košice-Staré Mesto,abandoned landfill without overburden (illegal landfill),disposal,Stará neriadená skládka.,0104000020E6100000010000000101000000000C046E4E453540F8C904A85B5D4840
Mlynský potok,1966,272.9584088,Cejkov,abandoned landfill without overburden (illegal landfill),disposal,Stará neriadená skládka.,0104000020E6100000010000000101000000F07A2A93D9C03540F03496A6443B4840
Mlynský potok,2012,261.4941576,Cejkov,abandoned landfill without overburden (illegal landfill),disposal,Stará neriadená skládka.,0104000020E6100000010000000101000000D0EAF85DC8BF3540F8682F17BB3A4840
Močiarny potok,1976,544.3848156,Čeľovce,abandoned landfill without overburden (illegal landfill),n/a,Stará neriadená skládka.,0104000020E610000001000000010100000020B4A98A0EA73540B83E904F174E4840
Myslavský potok,12053,125.2815047,Košice-Západ,operating landfill,further use,Skládka na nebezpečný odpad. Prevádzkovateľ skládky: V.O.D.S. - Eko a.s. Košice. Rok ukončenia skládky nie je v IPKZ povolení uvedený.,0104000020E6100000010000000101000000E0173135073935400851AC2AA6594840
Nový potok,2034,700.0163607,Kostoľany nad Hornádom,abandoned landfill without overburden (illegal landfill),disposal,Stará neriadená skládka - ponechaná. V roku 2020 neboli zaznamenané zmeny.,0104000020E610000001000000010100000070EC26265F3E3540606835C4FB644840
Olšava,1133,91.88883544,Nižná Myšľa,abandoned landfill without overburden (illegal landfill),n/a,Stará neriadená skládka - ponechaná. V roku 2020 neboli zaznamenané zmeny.,0104000020E6100000010000000101000000106AE5566F5B3540C8E94C90474E4840
Olšava,1134,246.801243,Nižná Myšľa,abandoned landfill without overburden (illegal landfill),disposal,Stará neriadená skládka - ponechaná. V roku 2020 neboli zaznamenané zmeny.,0104000020E61000000100000001010000001098708A3C5A3540882DCDB2C94D4840
Olšava,1150,305.7945958,Vyšná Myšľa,abandoned landfill without overburden (illegal landfill),n/a,Stará neriadená skládka - ponechaná. V roku 2020 neboli zaznamenané zmeny.,0104000020E6100000010000000101000000B082047190613540D8A958206D514840
Olšava,1273,560.0444023,Nižná Myšľa,abandoned landfill without overburden (illegal landfill),n/a,Stará neriadená skládka - ponechaná. V roku 2020 neboli zaznamenané zmeny.,0104000020E61000000100000001010000006009BB3A5D5E3540182DE8D946504840
Olšava,1505,32.79116246,Nižný Čaj,abandoned landfill without overburden (illegal landfill),disposal,Stará neriadená skládka - ponechaná. V roku 2020 neboli zaznamenané zmeny.,0104000020E61000000100000001010000006094251CF5663540E01C598C49554840
Olšava,2170,774.6231747,Blažice,abandoned landfill without overburden (illegal landfill),disposal,Stará neriadená skládka - ponechaná. V roku 2020 neboli zaznamenané zmeny.,0104000020E6100000010000000101000000C0039A47FF6A354000E350944B554840
Olšava,2171,51.71337682,Blažice,abandoned landfill without overburden (illegal landfill),n/a,Stará neriadená skládka - ponechaná. V roku 2020 neboli zaznamenané zmeny.,0104000020E6100000010000000101000000C0B8DF04D36735409846C5324F554840
Ondava,2201,986.6149029,Brehov,"modified (overlay, landscaping, etc.)",reclamation,"Od 31.7.2000 - uzavretá, upravená. Rekultivacia nie je dokončená. Monitorovaná raz za 3 mesiace. Predmetná skládka je situovaná do lomu andezitového telesa Jastrabská hôrka. (Skládka vznikla v r.1960 - zdroj SAŽP).",0104000020E610000001000000010100000070C390582FCC354090789B6C80404840
Ondava,2202,625.7796173,Brehov,terminated operation of landfill,reclamation/further use,Skládka bola prevádzkovaná na nie nebezpečný odpad. Skládka sa monitoruje raz za 3 mesiace a rekultivuje.,0104000020E610000001000000010100000000826DFCBDCF3540F048E92A813D4840
Ostrý potok,2176,671.3407161,Kalša,abandoned landfill without overburden (illegal landfill),n/a,Stará neriadená skládka - ponechaná. V roku 2020 neboli zaznamenané zmeny.,0104000020E6100000010000000101000000C08C1A9AD28535405062C0C7DD4E4840
Osva,2202,951.5225669,Brehov,terminated operation of landfill,reclamation/further use,Skládka bola prevádzkovaná na nie nebezpečný odpad. Skládka sa monitoruje raz za 3 mesiace a rekultivuje.,0104000020E610000001000000010100000000826DFCBDCF3540F048E92A813D4840
Parnovka,1520,706.0537437,Kuzmice,abandoned landfill without overburden (illegal landfill),reclamation,Stará neriadená skládka.,0104000020E6100000010000000101000000905BAB2EC1933540D823385BE4494840
Parnovka,1607,909.7852208,Kuzmice,abandoned landfill without overburden (illegal landfill),reclamation,Stará neriadená skládka.,0104000020E6100000010000000101000000C08D7768D492354058F302AA474A4840
Parnovka,3592,131.1496682,Kuzmice,abandoned landfill without overburden (illegal landfill),reclamation,Stará neriadená skládka.,0104000020E610000001000000010100000030084E85119335401056241244494840
Perinský kanál,901,765.0297556,Kechnec,abandoned landfill without overburden (illegal landfill),disposal,Stará neriadená skládka - ponechaná. V roku 2020 neboli zaznamenané zmeny.,0104000020E610000001000000010100000020D06A9F9341354078DC1137AF464840
Ronava,1221,84.76768761,Slanské Nové Mesto,abandoned landfill without overburden (illegal landfill),n/a,Stará neriadená skládka - ponechaná. V roku 2020 neboli zaznamenané zmeny.,0104000020E6100000010000000101000000102D705BD685354018FF7FB58D514840
Ronava,1520,11.78957507,Kuzmice,abandoned landfill without overburden (illegal landfill),reclamation,Stará neriadená skládka.,0104000020E6100000010000000101000000905BAB2EC1933540D823385BE4494840
Ronava,1605,546.1423394,Kuzmice,abandoned landfill without overburden (illegal landfill),disposal,Stará neriadená skládka.,0104000020E6100000010000000101000000003EB9BFDD903540B87C65F7474B4840
Ronava,1606,317.8493709,Kuzmice,abandoned landfill without overburden (illegal landfill),disposal,Stará neriadená skládka.,0104000020E6100000010000000101000000E0E67E424E9235404842C8D7B04A4840
Ronava,1607,279.8656612,Kuzmice,abandoned landfill without overburden (illegal landfill),reclamation,Stará neriadená skládka.,0104000020E6100000010000000101000000C08D7768D492354058F302AA474A4840
Ronava,1691,408.694648,Slovenské Nové Mesto,abandoned landfill without overburden (illegal landfill),disposal,Stará neriadená skládka.,0104000020E610000001000000010100000080D9EB54AEAB3540B885F0CD8E334840
Ronava,2176,861.9759902,Kalša,abandoned landfill without overburden (illegal landfill),n/a,Stará neriadená skládka - ponechaná. V roku 2020 neboli zaznamenané zmeny.,0104000020E6100000010000000101000000C08C1A9AD28535405062C0C7DD4E4840
Ronava,3592,194.5767636,Kuzmice,abandoned landfill without overburden (illegal landfill),reclamation,Stará neriadená skládka.,0104000020E610000001000000010100000030084E85119335401056241244494840
Ronava,3668,330.9214447,Slivník,abandoned landfill without overburden (illegal landfill),disposal,Stará neriadená skládka.,0104000020E6100000010000000101000000D0B334BF3391354090855AD33C4C4840
Šacký kanál,4599,222.5438139,Košice-Šaca,abandoned landfill without overburden (illegal landfill),disposal,Stará neriadená skládka.,0104000020E6100000010000000101000000D087BF77B22C354080866D14244F4840
Šacký kanál,8430,787.5469701,Košice-Šaca,abandoned landfill without overburden (illegal landfill),disposal,Stará neriadená skládka.,0104000020E610000001000000010100000050869DDBE4283540A0506E991B524840
Šártoš,164,294.2586339,Seňa,abandoned landfill without overburden (illegal landfill),disposal,Stará neriadená skládka - ponechaná. V roku 2020 neboli zaznamenané zmeny.,0104000020E610000001000000010100000010CCD3BEDB473540300D4636E1474840
Šártoš,2095,387.4912883,Kechnec,abandoned landfill without overburden (illegal landfill),n/a,Stará neriadená skládka - ponechaná. V roku 2020 neboli zaznamenané zmeny.,0104000020E610000001000000010100000030ED699B23463540883ACE35D8454840
Šártoš,2096,382.8104202,Kechnec,abandoned landfill without overburden (illegal landfill),disposal,Stará neriadená skládka - ponechaná. V roku 2020 neboli zaznamenané zmeny.,0104000020E6100000010000000101000000F031C1781F463540F8A03EA1D5454840
Severný Radský kanál,3837,502.167993,Rad,abandoned landfill without overburden (illegal landfill),reclamation,Stará neriadená skládka.,0104000020E6100000010000000101000000501F1AEDA3DC3540E818D900F2374840
Slančický potok,1221,698.4453234,Slanské Nové Mesto,abandoned landfill without overburden (illegal landfill),n/a,Stará neriadená skládka - ponechaná. V roku 2020 neboli zaznamenané zmeny.,0104000020E6100000010000000101000000102D705BD685354018FF7FB58D514840
Slančík,1221,650.7130867,Slanské Nové Mesto,abandoned landfill without overburden (illegal landfill),n/a,Stará neriadená skládka - ponechaná. V roku 2020 neboli zaznamenané zmeny.,0104000020E6100000010000000101000000102D705BD685354018FF7FB58D514840
Slančík,2244,863.3739041,Slanec,abandoned landfill without overburden (illegal landfill),disposal,Stará neriadená skládka - ponechaná. V roku 2020 neboli zaznamenané zmeny.,0104000020E6100000010000000101000000600BDABBF17D354098F051DAF6514840
Sokoliansky potok,901,631.8779255,Kechnec,abandoned landfill without overburden (illegal landfill),disposal,Stará neriadená skládka - ponechaná. V roku 2020 neboli zaznamenané zmeny.,0104000020E610000001000000010100000020D06A9F9341354078DC1137AF464840
Sokoliansky potok,1363,253.2583839,Seňa,abandoned landfill without overburden (illegal landfill),n/a,Stará neriadená skládka - ponechaná. V roku 2020 neboli zaznamenané zmeny.,0104000020E6100000010000000101000000B06581CFBF3C3540085136D3A74A4840
Sokoliansky potok,1895,248.9445045,Sokoľany,abandoned landfill without overburden (illegal landfill),n/a,Stará neriadená skládka - ponechaná. V roku 2020 neboli zaznamenané zmeny.,0104000020E6100000010000000101000000B049433C7B3B3540D0CA421D914E4840
Sokoliansky potok,2095,483.6097098,Kechnec,abandoned landfill without overburden (illegal landfill),n/a,Stará neriadená skládka - ponechaná. V roku 2020 neboli zaznamenané zmeny.,0104000020E610000001000000010100000030ED699B23463540883ACE35D8454840
Sokoliansky potok,2096,477.7932744,Kechnec,abandoned landfill without overburden (illegal landfill),disposal,Stará neriadená skládka - ponechaná. V roku 2020 neboli zaznamenané zmeny.,0104000020E6100000010000000101000000F031C1781F463540F8A03EA1D5454840
Somotorský kanál,2502,911.2072102,Somotor,"modified (overlay, landscaping, etc.)",n/a,Na predmetnú skládku sa v minulosti vyvážal odpad obce Somotor. Monitoring sa vykonáva raz za 3 roky.,0104000020E6100000010000000101000000905E1678C6CC354060DE9AE3B8334840
Somotorský kanál,2824,894.6670559,Viničky,"modified (overlay, landscaping, etc.)",reclamation,"Skládka KO vznikla v roku 1995 a bola prevádzkovaná za osobitných podmienok do roku 1992. Skládka slúžila pre skládkovanie odpadov obce Viničky. Rekultivačné práce boli vykonané podľa Projektu v roku 2005, ktorý dala vypracovať obec Vini",0104000020E61000000100000001010000008031DFC407C13540D07A59C97D334840
Stančiansky potok,2369,381.5317457,Stanča,abandoned landfill without overburden (illegal landfill),n/a,Stará neriadená skládka.,0104000020E6100000010000000101000000A0830CF63CA43540E89615DEF3474840
Strašný jarok,2092,821.3192747,Sokoľ,abandoned landfill without overburden (illegal landfill),disposal,Stará neriadená skládka - ponechaná. V roku 2020 neboli zaznamenané zmeny.,0104000020E6100000010000000101000000E064290606393540E8D2B921D4674840
Stredský kanál,3426,492.2032817,Streda nad Bodrogom,abandoned landfill without overburden (illegal landfill),disposal,Stará neriadená skládka.,0104000020E610000001000000010100000050A7DA20F3C53540186089EE362F4840
Svätá Mária-Kamenec,1525,960.3923967,Streda nad Bodrogom,"modified (overlay, landscaping, etc.)",reclamation,Išlo o starú neriadenú skládku. Monitoring raz za 3 roky.,0104000020E610000001000000010100000010A233458DC83540E8302EDBA22D4840
Svätá Mária-Kamenec,2563,518.3849423,Veľký Kamenec,abandoned landfill without overburden (illegal landfill),n/a,Stará neriadená skládka.,0104000020E6100000010000000101000000001FC39DEACA3540287582D0562D4840
Teplica,1223,453.9687516,Zemplínska Teplica,abandoned landfill without overburden (illegal landfill),disposal,Stará neriadená skládka.,0104000020E6100000010000000101000000F0B35F1E02923540C8E4C6C743534840
Terebľa,1605,498.4584975,Kuzmice,abandoned landfill without overburden (illegal landfill),disposal,Stará neriadená skládka.,0104000020E6100000010000000101000000003EB9BFDD903540B87C65F7474B4840
Terebľa,1606,788.1443815,Kuzmice,abandoned landfill without overburden (illegal landfill),disposal,Stará neriadená skládka.,0104000020E6100000010000000101000000E0E67E424E9235404842C8D7B04A4840
Terebľa,2176,149.7467011,Kalša,abandoned landfill without overburden (illegal landfill),n/a,Stará neriadená skládka - ponechaná. V roku 2020 neboli zaznamenané zmeny.,0104000020E6100000010000000101000000C08C1A9AD28535405062C0C7DD4E4840
Terebľa,3667,497.3911141,Slivník,abandoned landfill without overburden (illegal landfill),n/a,Stará neriadená skládka.,0104000020E6100000010000000101000000608DE6474A8E35401823AA0EFE4B4840
Terebľa,3668,140.5022632,Slivník,abandoned landfill without overburden (illegal landfill),disposal,Stará neriadená skládka.,0104000020E6100000010000000101000000D0B334BF3391354090855AD33C4C4840
Torysa,707,663.5266905,Sady nad Torysou,abandoned landfill without overburden (illegal landfill),disposal,Stará neriadená skládka - ponechaná. V roku 2020 neboli zaznamenané zmeny.,0104000020E6100000010000000101000000E0BE78ED6F593540104FEFAF8C5A4840
Torysa,708,379.071456,Košická Polianka,abandoned landfill without overburden (illegal landfill),n/a,Stará neriadená skládka - ponechaná. V roku 2020 neboli zaznamenané zmeny.,0104000020E6100000010000000101000000503E37208158354058830C5E205A4840
Torysa,1074,98.0691474,Košická Polianka,abandoned landfill without overburden (illegal landfill),n/a,Stará neriadená skládka - ponechaná. V roku 2020 neboli zaznamenané zmeny.,0104000020E610000001000000010100000070E853521D593540789A4CAF29584840
Torysa,1247,22.72867943,Vyšná Hutka,abandoned landfill without overburden (illegal landfill),n/a,Stará neriadená skládka - ponechaná. V roku 2020 neboli zaznamenané zmeny.,0104000020E6100000010000000101000000D0A4993DBC59354048B820608F564840
Torysa,1891,53.14349406,Nižná Hutka,abandoned landfill without overburden (illegal landfill),disposal,Stará neriadená skládka - ponechaná. V roku 2020 neboli zaznamenané zmeny.,0104000020E610000001000000010100000040FBE58EDC5A354060DD01D61E554840
Torysa,1892,35.73686565,Nižná Hutka,abandoned landfill without overburden (illegal landfill),disposal,Stará neriadená skládka - ponechaná. V roku 2020 neboli zaznamenané zmeny.,0104000020E6100000010000000101000000A039ECE42A5B3540387BCC4C58544840
Torysa,2190,242.8246615,Sady nad Torysou,abandoned landfill without overburden (illegal landfill),n/a,Stará neriadená skládka - ponechaná. V roku 2020 neboli zaznamenané zmeny.,0104000020E61000000100000001010000005032C8834B54354028174108AD5A4840
Trnávka,1956,81.34198318,Hraň,abandoned landfill without overburden (illegal landfill),disposal,Stará neriadená skládka.,0104000020E6100000010000000101000000B0945C3A70C73540B8879BF88F464840
Trnávka,1957,66.38292176,Hraň,abandoned landfill without overburden (illegal landfill),disposal,Stará neriadená skládka.,0104000020E6100000010000000101000000A09AA922F2C73540089DAF7D74464840
Trnávka,1958,622.3830014,Hraň,abandoned landfill without overburden (illegal landfill),reclamation,Stará neriadená skládka.,0104000020E6100000010000000101000000A020E2A7F0C53540E04439AD28464840
Trnávka,2464,379.7836514,Trebišov,abandoned landfill without overburden (illegal landfill),n/a,Priemyselná skládka sa nevyužívala a ani nebude.,0104000020E61000000100000001010000004028B65C5FB8354010602832C3524840
Trnávka,2465,375.0118824,Trebišov,abandoned landfill without overburden (illegal landfill),n/a,Priemyselná skládka sa nevyužívala a ani nebude.,0104000020E6100000010000000101000000F074ED66A1B835400070BC0D3A524840
Trnávka,2903,52.38435189,Trebišov,abandoned landfill without overburden (illegal landfill),reclamation,Stará neriadená skládka.,0104000020E6100000010000000101000000D05C1006A8BC3540B0C4D045DE4C4840
Trnávka,2904,192.280895,Trebišov,abandoned landfill without overburden (illegal landfill),n/a,Priemyselná skládka sa nevyužívala a ani nebude.,0104000020E610000001000000010100000070B3C2ABE7B8354068013DEE0A534840
Trstenský potok,1299,15.99271234,Trstené pri Hornáde,abandoned landfill without overburden (illegal landfill),disposal,Stará neriadená skládka - ponechaná. V roku 2020 neboli zaznamenané zmeny.,0104000020E61000000100000001010000000065327AC053354050ABFC6050484840
Uhrinče,1783,738.8020015,Sokoľ,abandoned landfill without overburden (illegal landfill),n/a,Stará neriadená skládka - ponechaná. V roku 2020 neboli zaznamenané zmeny.,0104000020E610000001000000010100000010651594F436354008C94D6A2E684840
Uhrinče,2091,947.6355512,Sokoľ,abandoned landfill without overburden (illegal landfill),disposal,Stará neriadená skládka - ponechaná. V roku 2020 neboli zaznamenané zmeny.,0104000020E6100000010000000101000000A0955249FD39354030E8D0CB23684840
Valalický kanál,1180,979.1236686,Ždaňa,abandoned landfill without overburden (illegal landfill),disposal,Stará neriadená skládka - ponechaná. V roku 2020 neboli zaznamenané zmeny.,0104000020E6100000010000000101000000F07AE2066A59354020EC05ED754C4840
Valalický kanál,1267,719.0844501,Valaliky,abandoned landfill without overburden (illegal landfill),disposal,Stará neriadená skládka - ponechaná. V roku 2020 neboli zaznamenané zmeny.,0104000020E610000001000000010100000060E7D271954D354018EF07765B514840
Valalický kanál,1989,513.5984431,Ždaňa,abandoned landfill without overburden (illegal landfill),disposal,Stará neriadená skládka - ponechaná. V roku 2020 neboli zaznamenané zmeny.,0104000020E6100000010000000101000000E0955F0B1C58354068521952C74C4840
Valalický kanál,2001,337.6886359,Čaňa,abandoned landfill without overburden (illegal landfill),disposal,Stará neriadená skládka - ponechaná. V roku 2020 neboli zaznamenané zmeny.,0104000020E6100000010000000101000000C062B83A80533540580D7F76154F4840
Valaský potok,7607,855.8383356,Košice-Sever,abandoned landfill without overburden (illegal landfill),reclamation,Stará neriadená skládka.,0104000020E6100000010000000101000000C05F57F6D1293540E0CE2A4588634840
Veľkotrnanský potok,1929,220.6176879,Veľká Tŕňa,abandoned landfill without overburden (illegal landfill),reclamation,Stará neriadená skládka.,0104000020E61000000100000001010000004010992C4DAD354070AA16C7F73A4840
Veľký kanál,3426,302.6463552,Streda nad Bodrogom,abandoned landfill without overburden (illegal landfill),disposal,Stará neriadená skládka.,0104000020E610000001000000010100000050A7DA20F3C53540186089EE362F4840
Žipovský potok,2422,441.8526256,Nižný Žipov,abandoned landfill without overburden (illegal landfill),n/a,Stará neriadená skládka.,0104000020E6100000010000000101000000F06416922D9F3540508950B1D9494840
not_labeled,583,836.1165027,Trebejov,abandoned landfill without overburden (illegal landfill),disposal,Stará neriadená skládka - ponechaná. V roku 2020 neboli zaznamenané zmeny.,0104000020E610000001000000010100000000AB7EDAE53735408037F4BB956A4840
not_labeled,707,411.6030609,Sady nad Torysou,abandoned landfill without overburden (illegal landfill),disposal,Stará neriadená skládka - ponechaná. V roku 2020 neboli zaznamenané zmeny.,0104000020E6100000010000000101000000E0BE78ED6F593540104FEFAF8C5A4840
not_labeled,708,25.66275828,Košická Polianka,abandoned landfill without overburden (illegal landfill),n/a,Stará neriadená skládka - ponechaná. V roku 2020 neboli zaznamenané zmeny.,0104000020E6100000010000000101000000503E37208158354058830C5E205A4840
not_labeled,770,746.0747533,Olšovany,abandoned landfill without overburden (illegal landfill),n/a,Stará neriadená skládka - ponechaná. V roku 2020 neboli zaznamenané zmeny.,0104000020E610000001000000010100000040305B4D7F613540A030AA777E5A4840
not_labeled,771,651.1873572,Olšovany,abandoned landfill without overburden (illegal landfill),disposal,Stará neriadená skládka - ponechaná. V roku 2020 neboli zaznamenané zmeny.,0104000020E61000000100000001010000007050AFF990643540B824B359795A4840
not_labeled,1074,447.6319235,Košická Polianka,abandoned landfill without overburden (illegal landfill),n/a,Stará neriadená skládka - ponechaná. V roku 2020 neboli zaznamenané zmeny.,0104000020E610000001000000010100000070E853521D593540789A4CAF29584840
not_labeled,1247,332.9190114,Vyšná Hutka,abandoned landfill without overburden (illegal landfill),n/a,Stará neriadená skládka - ponechaná. V roku 2020 neboli zaznamenané zmeny.,0104000020E6100000010000000101000000D0A4993DBC59354048B820608F564840
not_labeled,1256,584.9705428,Rákoš,abandoned landfill without overburden (illegal landfill),disposal,Stará neriadená skládka - ponechaná. V roku 2020 neboli zaznamenané zmeny.,0104000020E6100000010000000101000000C01E49ACB96C3540508891DC1C524840
not_labeled,1386,328.5254341,Borša,abandoned landfill without overburden (illegal landfill),reclamation,"Na skládku sa naďalej vyváža odpad. Skládka sa nachádza v CHKO Latorica a v CHVÚ Medzibodrožie o ploche celkom 5000 m2, sa nachádzajú 4 skládky prevažne KO, na ktoré boli vyvezené aj výkopové zeminy, stavebný odpad a pod. Sanačné prác",0104000020E6100000010000000101000000B03F4844E8B43540F8A17EF6E7314840
not_labeled,1387,127.4897612,Borša,abandoned landfill without overburden (illegal landfill),n/a,Stará neriadená skládka.,0104000020E6100000010000000101000000E09F0202CBB53540B03D0B9300324840
not_labeled,1388,122.1981295,Borša,abandoned landfill without overburden (illegal landfill),disposal,Stará neriadená skládka.,0104000020E610000001000000010100000090EBA26C3AB33540E027B35349314840
not_labeled,1484,914.4597924,Zemplínska Nová Ves,abandoned landfill without overburden (illegal landfill),n/a,Stará neriadená skládka.,0104000020E61000000100000001010000005070F8E42EAC3540C048A99D84464840
not_labeled,1505,173.2207348,Nižný Čaj,abandoned landfill without overburden (illegal landfill),disposal,Stará neriadená skládka - ponechaná. V roku 2020 neboli zaznamenané zmeny.,0104000020E61000000100000001010000006094251CF5663540E01C598C49554840
not_labeled,1520,741.3570965,Kuzmice,abandoned landfill without overburden (illegal landfill),reclamation,Stará neriadená skládka.,0104000020E6100000010000000101000000905BAB2EC1933540D823385BE4494840
not_labeled,1525,865.4535239,Streda nad Bodrogom,"modified (overlay, landscaping, etc.)",reclamation,Išlo o starú neriadenú skládku. Monitoring raz za 3 roky.,0104000020E610000001000000010100000010A233458DC83540E8302EDBA22D4840
not_labeled,1605,223.9002143,Kuzmice,abandoned landfill without overburden (illegal landfill),disposal,Stará neriadená skládka.,0104000020E6100000010000000101000000003EB9BFDD903540B87C65F7474B4840
not_labeled,1606,13.12763297,Kuzmice,abandoned landfill without overburden (illegal landfill),disposal,Stará neriadená skládka.,0104000020E6100000010000000101000000E0E67E424E9235404842C8D7B04A4840
not_labeled,1607,384.659141,Kuzmice,abandoned landfill without overburden (illegal landfill),reclamation,Stará neriadená skládka.,0104000020E6100000010000000101000000C08D7768D492354058F302AA474A4840
not_labeled,1651,617.1957876,Bohdanovce,abandoned landfill without overburden (illegal landfill),n/a,Stará neriadená skládka - ponechaná. V roku 2020 neboli zaznamenané zmeny.,0104000020E6100000010000000101000000004F4CB1FF68354020EC794309544840
not_labeled,1669,694.1388972,Cejkov,abandoned landfill without overburden (illegal landfill),reclamation,Stará neriadená skládka.,0104000020E6100000010000000101000000F09A00058FC33540304D1807763C4840
not_labeled,1690,525.1688486,Slovenské Nové Mesto,abandoned landfill without overburden (illegal landfill),disposal,Stará neriadená skládka.,0104000020E61000000100000001010000004099004F9CB23540685490419C374840
not_labeled,1867,175.9183004,Novosad,abandoned landfill without overburden (illegal landfill),reclamation,Stará neriadená skládka.,0104000020E610000001000000010100000050B4A58D71BD354078C759E004444840
not_labeled,1891,901.0534363,Nižná Hutka,abandoned landfill without overburden (illegal landfill),disposal,Stará neriadená skládka - ponechaná. V roku 2020 neboli zaznamenané zmeny.,0104000020E610000001000000010100000040FBE58EDC5A354060DD01D61E554840
not_labeled,1895,525.7492938,Sokoľany,abandoned landfill without overburden (illegal landfill),n/a,Stará neriadená skládka - ponechaná. V roku 2020 neboli zaznamenané zmeny.,0104000020E6100000010000000101000000B049433C7B3B3540D0CA421D914E4840
not_labeled,1933,813.3290926,Veľaty,abandoned landfill without overburden (illegal landfill),disposal,Stará neriadená skládka.,0104000020E610000001000000010100000000D5245735AB354048A8227A31424840
not_labeled,1966,471.5083421,Cejkov,abandoned landfill without overburden (illegal landfill),disposal,Stará neriadená skládka.,0104000020E6100000010000000101000000F07A2A93D9C03540F03496A6443B4840
not_labeled,1976,813.0148421,Čeľovce,abandoned landfill without overburden (illegal landfill),n/a,Stará neriadená skládka.,0104000020E610000001000000010100000020B4A98A0EA73540B83E904F174E4840
not_labeled,2009,178.8382299,Bara,abandoned landfill without overburden (illegal landfill),disposal,Stará neriadená skládka.,0104000020E610000001000000010100000020CF1B1F94BA35400846C16D9C354840
not_labeled,2012,799.5256886,Cejkov,abandoned landfill without overburden (illegal landfill),disposal,Stará neriadená skládka.,0104000020E6100000010000000101000000D0EAF85DC8BF3540F8682F17BB3A4840
not_labeled,2034,65.3672804,Kostoľany nad Hornádom,abandoned landfill without overburden (illegal landfill),disposal,Stará neriadená skládka - ponechaná. V roku 2020 neboli zaznamenané zmeny.,0104000020E610000001000000010100000070EC26265F3E3540606835C4FB644840
not_labeled,2064,588.883421,Družstevná pri Hornáde,abandoned landfill without overburden (illegal landfill),n/a,Stará neriadená skládka - ponechaná. V roku 2020 neboli zaznamenané zmeny.,0104000020E6100000010000000101000000701A394ADF423540B8E460BF72654840
not_labeled,2065,530.3194865,Družstevná pri Hornáde,abandoned landfill without overburden (illegal landfill),n/a,Stará neriadená skládka - ponechaná. V roku 2020 neboli zaznamenané zmeny.,0104000020E6100000010000000101000000F03310334A42354060358BF47B654840
not_labeled,2095,687.9119557,Kechnec,abandoned landfill without overburden (illegal landfill),n/a,Stará neriadená skládka - ponechaná. V roku 2020 neboli zaznamenané zmeny.,0104000020E610000001000000010100000030ED699B23463540883ACE35D8454840
not_labeled,2096,684.6384496,Kechnec,abandoned landfill without overburden (illegal landfill),disposal,Stará neriadená skládka - ponechaná. V roku 2020 neboli zaznamenané zmeny.,0104000020E6100000010000000101000000F031C1781F463540F8A03EA1D5454840
not_labeled,2123,404.788122,Zemplínske Jastrabie,"modified (overlay, landscaping, etc.)",reclamation,"Na skládke KO boli realizované rekultivačné práce, ktoré pozostávali z vyrovnania a zhutnenia skládkovaného telesa, izolácie proti zrážkovým vodám. Skládka má vybudovaný monitorovací sysém a plynové studne. Monitoring sa vykonáva raz",0104000020E6100000010000000101000000D0D021D887C83540E0D513AC9D414840
not_labeled,2170,7.68058099,Blažice,abandoned landfill without overburden (illegal landfill),disposal,Stará neriadená skládka - ponechaná. V roku 2020 neboli zaznamenané zmeny.,0104000020E6100000010000000101000000C0039A47FF6A354000E350944B554840
not_labeled,2171,106.6182975,Blažice,abandoned landfill without overburden (illegal landfill),n/a,Stará neriadená skládka - ponechaná. V roku 2020 neboli zaznamenané zmeny.,0104000020E6100000010000000101000000C0B8DF04D36735409846C5324F554840
not_labeled,2176,871.3837448,Kalša,abandoned landfill without overburden (illegal landfill),n/a,Stará neriadená skládka - ponechaná. V roku 2020 neboli zaznamenané zmeny.,0104000020E6100000010000000101000000C08C1A9AD28535405062C0C7DD4E4840
not_labeled,2190,642.4150634,Sady nad Torysou,abandoned landfill without overburden (illegal landfill),n/a,Stará neriadená skládka - ponechaná. V roku 2020 neboli zaznamenané zmeny.,0104000020E61000000100000001010000005032C8834B54354028174108AD5A4840
not_labeled,2199,22.4569335,Černochov,abandoned landfill without overburden (illegal landfill),reclamation,Stará neriadená skládka.,0104000020E6100000010000000101000000A0C8A1F26DBB3540101E5FA8A7374840
not_labeled,2201,325.8839513,Brehov,"modified (overlay, landscaping, etc.)",reclamation,"Od 31.7.2000 - uzavretá, upravená. Rekultivacia nie je dokončená. Monitorovaná raz za 3 mesiace. Predmetná skládka je situovaná do lomu andezitového telesa Jastrabská hôrka. (Skládka vznikla v r.1960 - zdroj SAŽP).",0104000020E610000001000000010100000070C390582FCC354090789B6C80404840
not_labeled,2202,275.5353824,Brehov,terminated operation of landfill,reclamation/further use,Skládka bola prevádzkovaná na nie nebezpečný odpad. Skládka sa monitoruje raz za 3 mesiace a rekultivuje.,0104000020E610000001000000010100000000826DFCBDCF3540F048E92A813D4840
not_labeled,2244,88.11342118,Slanec,abandoned landfill without overburden (illegal landfill),disposal,Stará neriadená skládka - ponechaná. V roku 2020 neboli zaznamenané zmeny.,0104000020E6100000010000000101000000600BDABBF17D354098F051DAF6514840
not_labeled,2245,156.9060388,Slanec,abandoned landfill without overburden (illegal landfill),n/a,Stará neriadená skládka - ponechaná. V roku 2020 neboli zaznamenané zmeny.,0104000020E6100000010000000101000000F0D045EA0D7A3540B8F9D3D4DF504840
not_labeled,2246,190.6074455,Slanec,abandoned landfill without overburden (illegal landfill),disposal,Stará neriadená skládka - ponechaná. V roku 2020 neboli zaznamenané zmeny.,0104000020E610000001000000010100000090246CA57B7B354048C3CC25B2514840
not_labeled,2369,880.4998844,Stanča,abandoned landfill without overburden (illegal landfill),n/a,Stará neriadená skládka.,0104000020E6100000010000000101000000A0830CF63CA43540E89615DEF3474840
not_labeled,2371,645.6620864,Zemplín,"modified (overlay, landscaping, etc.)",reclamation,Skláídka KO bola rekultivovaná v roku 2007 podľa vypracovaného Projektu. Skládka má vybudované 2 plynové studne a monitorovací sysrém. Monitoring sa vykonáva raz za 3 roky. V okolí skládky sa nachádza poľnohospodársky obrábaná pôda.,0104000020E610000001000000010100000080FFD8BEDCCD3540D8609EBEB3384840
not_labeled,2422,271.0616529,Nižný Žipov,abandoned landfill without overburden (illegal landfill),n/a,Stará neriadená skládka.,0104000020E6100000010000000101000000F06416922D9F3540508950B1D9494840
not_labeled,2477,789.1937424,Cejkov,abandoned landfill without overburden (illegal landfill),reclamation,Stará neriadená skládka. Skládka KO vznikla v roku 1970. V minulosti sa na skládku vyvážal odpad z obce. V súčastnosti je skládka ohradená. Sančné práce sú v štádiu prípravy.,0104000020E6100000010000000101000000502B386821C43540F04ED8C7C83B4840
not_labeled,2817,726.0610775,Kazimír,abandoned landfill without overburden (illegal landfill),n/a,Stará neriadená skládka.,0104000020E610000001000000010100000020AC98B423943540281FEEFCF8424840
not_labeled,2824,605.0123736,Viničky,"modified (overlay, landscaping, etc.)",reclamation,"Skládka KO vznikla v roku 1995 a bola prevádzkovaná za osobitných podmienok do roku 1992. Skládka slúžila pre skládkovanie odpadov obce Viničky. Rekultivačné práce boli vykonané podľa Projektu v roku 2005, ktorý dala vypracovať obec Vini",0104000020E61000000100000001010000008031DFC407C13540D07A59C97D334840
not_labeled,2881,491.7256706,Somotor,abandoned landfill without overburden (illegal landfill),disposal,Stará neriadená skládka.,0104000020E6100000010000000101000000903F046EC0D03540A0886D4125364840
not_labeled,2903,144.2158584,Trebišov,abandoned landfill without overburden (illegal landfill),reclamation,Stará neriadená skládka.,0104000020E6100000010000000101000000D05C1006A8BC3540B0C4D045DE4C4840
not_labeled,3025,66.40786633,Skároš,abandoned landfill without overburden (illegal landfill),n/a,Stará neriadená skládka - ponechaná. V roku 2020 neboli zaznamenané zmeny.,0104000020E6100000010000000101000000F0B065E09D623540706ACBE6554A4840
not_labeled,3132,598.6825337,Streda nad Bodrogom,"modified (overlay, landscaping, etc.)",n/a,Čiastočne alebo úplne rekultivovaná.,0104000020E6100000010000000101000000A0D6A9694CC23540D8AAC2AB14314840
not_labeled,3133,154.0209794,Streda nad Bodrogom,"modified (overlay, landscaping, etc.)",n/a,Čiastočne alebo úplne rekultivovaná.,0104000020E610000001000000010100000040425E606DC13540A80F785B87304840
not_labeled,3312,52.68752241,Streda nad Bodrogom,"modified (overlay, landscaping, etc.)",n/a,Čiastočne alebo úplne rekultivovaná.,0104000020E61000000100000001010000001087C143EBC0354000C1A6525C304840
not_labeled,3313,985.7484931,Streda nad Bodrogom,"modified (overlay, landscaping, etc.)",n/a,Skládka KO čiastočne alebo úplne rekultivovaná. Skládka vznikla v roku 1970 a bola prevádzkovaná za osobitných podmienok do roku 1992. V okolí skládky sa nachádza poľnohospodársky využívaná pôda.,0104000020E6100000010000000101000000C068CC54A3C83540603D69D9C12F4840
not_labeled,3426,163.1019859,Streda nad Bodrogom,abandoned landfill without overburden (illegal landfill),disposal,Stará neriadená skládka.,0104000020E610000001000000010100000050A7DA20F3C53540186089EE362F4840
not_labeled,3585,506.6351972,Slovenské Nové Mesto,abandoned landfill without overburden (illegal landfill),disposal,Stará neriadená skládka.,0104000020E610000001000000010100000090258B5901B2354010693DB18B374840
not_labeled,3592,380.7803019,Kuzmice,abandoned landfill without overburden (illegal landfill),reclamation,Stará neriadená skládka.,0104000020E610000001000000010100000030084E85119335401056241244494840
not_labeled,3667,541.3321061,Slivník,abandoned landfill without overburden (illegal landfill),n/a,Stará neriadená skládka.,0104000020E6100000010000000101000000608DE6474A8E35401823AA0EFE4B4840
not_labeled,3668,387.2338788,Slivník,abandoned landfill without overburden (illegal landfill),disposal,Stará neriadená skládka.,0104000020E6100000010000000101000000D0B334BF3391354090855AD33C4C4840
not_labeled,3837,853.0233944,Rad,abandoned landfill without overburden (illegal landfill),reclamation,Stará neriadená skládka.,0104000020E6100000010000000101000000501F1AEDA3DC3540E818D900F2374840
not_labeled,4887,247.3853667,Košice-Sídlisko Ťahanovce,abandoned landfill without overburden (illegal landfill),disposal,Stará neriadená skládka.,0104000020E6100000010000000101000000908BDDF7D5443540401E854EBC614840
not_labeled,4921,999.002259,Košice-Košická Nová Ves,abandoned landfill without overburden (illegal landfill),disposal,Stará neriadená skládka.,0104000020E6100000010000000101000000E0A2FF64DA4F3540F8A09357075E4840
not_labeled,4923,544.4648501,Košice-Košická Nová Ves,abandoned landfill without overburden (illegal landfill),disposal,Stará neriadená skládka.,0104000020E610000001000000010100000000515C07674E3540385BFAB6315D4840
not_labeled,5447,981.0237655,Košice-Košická Nová Ves,abandoned landfill without overburden (illegal landfill),disposal,Stará neriadená skládka.,0104000020E61000000100000001010000005026F9746950354008C4A2916B5B4840
not_labeled,6343,87.39116019,Košice-Staré Mesto,abandoned landfill without overburden (illegal landfill),disposal,Stará neriadená skládka.,0104000020E6100000010000000101000000000C046E4E453540F8C904A85B5D4840
not_labeled,6898,412.9573332,Košice-Sever,abandoned landfill without overburden (illegal landfill),disposal,Stará neriadená skládka - ponechaná. V roku 2020 neboli zaznamenané zmeny.,0104000020E610000001000000010100000010ED21C32524354040C3083F03644840
not_labeled,7487,109.0226851,Košice-Sever,abandoned landfill without overburden (illegal landfill),disposal,Stará neriadená skládka.,0104000020E6100000010000000101000000B098B3D9393D354020DC34885F5F4840
not_labeled,7607,266.9712531,Košice-Sever,abandoned landfill without overburden (illegal landfill),reclamation,Stará neriadená skládka.,0104000020E6100000010000000101000000C05F57F6D1293540E0CE2A4588634840
not_labeled,8384,523.9290483,Košice-Ťahanovce,abandoned landfill without overburden (illegal landfill),disposal,Stará neriadená skládka.,0104000020E6100000010000000101000000E0B978CB9742354090C199EB76604840
not_labeled,8385,701.9678251,Košice-Ťahanovce,abandoned landfill without overburden (illegal landfill),disposal,Stará neriadená skládka.,0104000020E6100000010000000101000000C01A824B16423540203805D151604840
not_labeled,8386,715.3598864,Košice-Ťahanovce,abandoned landfill without overburden (illegal landfill),disposal,Stará neriadená skládka.,0104000020E6100000010000000101000000A04BCEE9AF42354088DD1CC038604840
not_labeled,8430,3.43678055,Košice-Šaca,abandoned landfill without overburden (illegal landfill),disposal,Stará neriadená skládka.,0104000020E610000001000000010100000050869DDBE4283540A0506E991B524840
